,customer_id,first_name,last_name,gender,age,loyalty_tier,city,registration_year,email
0,11001,Austin,Chybaski,Male,23,Bronze,Birmingham,2019,austin.chybaski@gmail.com
1,11002,Noah,Clarke,Male,72,Bronze,Manchester,2021,noah.clarke@gmail.com
2,11003,Donna,Thompson,Female,30,Gold,Glasgow,2017,donna.thompson@yahoo.com
3,11004,Stephanie,Robinson,Female,57,Bronze,Birmingham,2015,stephanie.robinson@yahoo.co.uk
4,11005,David,Chybaski,Male,33,Silver,Manchester,2017,david.chybaski@hotmail.com
5,11006,Sophia,Wood,Female,28,Bronze,Glasgow,2018,sophia.wood@icloud.com
6,11007,Noah,Brown,Male,19,Platinum,Manchester,2017,noah.brown@yahoo.co.uk
7,11008,Michael,Cooper,Male,20,Silver,Manchester,2018,michael.cooper@icloud.com
8,11009,Hannah,Wilson,Female,21,Bronze,Leeds,2019,hannah.wilson@hotmail.com
9,11010,Olivia,Hughes,Female,68,Bronze,Birmingham,2017,olivia.hughes@yahoo.com
10,11011,Adrian,Evans,Male,56,Silver,Leeds,2022,adrian.evans@hotmail.com
11,11012,Emily,Hughes,Female,45,Silver,Leeds,2023,emily.hughes@yahoo.co.uk
12,11013,Richard,Johnson,Male,66,Silver,Leeds,2022,richard.johnson@yahoo.co.uk
13,11014,Richard,Thompson,Male,39,Silver,London,2021,richard.thompson@outlook.com
14,11015,Michael,Brown,Male,34,Bronze,Glasgow,2018,michael.brown@yahoo.com
15,11016,Daniel,Taylor,Male,47,Silver,Manchester,2021,daniel.taylor@gmail.com
16,11017,Donald,Smith,Male,42,Gold,London,2018,donald.smith@yahoo.co.uk
17,11018,Leah,Edwards,Female,65,Gold,Leeds,2018,leah.edwards@yahoo.co.uk
18,11019,Betty,Thompson,Female,69,Silver,London,2015,betty.thompson@yahoo.com
19,11020,Susan,Jackson,Female,76,Silver,Glasgow,2020,susan.jackson@hotmail.com
20,11021,Noah,Smith,Male,71,Silver,London,2019,noah.smith@gmail.com
21,11022,Donald,Wood,Male,75,Bronze,Leeds,2021,donald.wood@yahoo.co.uk
22,11023,Susan,Jones,Female,23,Bronze,Leeds,2023,susan.jones@yahoo.com
23,11024,Jennifer,Chybaski,Female,18,Platinum,Manchester,2023,jennifer.chybaski@yahoo.co.uk
24,11025,Grace,Hughes,Female,51,Silver,Glasgow,2018,grace.hughes@yahoo.co.uk
25,11026,David,Davies,Male,59,Bronze,Birmingham,2021,david.davies@icloud.com
26,11027,Lisa,Evans,Female,72,Silver,Manchester,2016,lisa.evans@yahoo.co.uk
27,11028,William,Jones,Male,22,Gold,Leeds,2022,william.jones@gmail.com
28,11029,Joseph,Smith,Male,23,Gold,London,2021,joseph.smith@outlook.com
29,11030,Olivia,Smith,Female,27,Gold,London,2018,olivia.smith@yahoo.com
30,11031,Margaret,Chybaski,Female,41,Silver,London,2017,margaret.chybaski@gmail.com
31,11032,Stephanie,Wilson,Female,35,Silver,London,2018,stephanie.wilson@yahoo.com
32,11033,Betty,Wood,Female,25,Bronze,Leeds,2018,betty.wood@yahoo.co.uk
33,11034,Anthony,Clarke,Male,71,Gold,Leeds,2019,anthony.clarke@yahoo.com
34,11035,Jennifer,Taylor,Female,24,Bronze,Birmingham,2019,jennifer.taylor@yahoo.co.uk
35,11036,Richard,Walker,Male,46,Bronze,Leeds,2015,richard.walker@icloud.com
36,11037,Grace,Jackson,Female,31,Gold,Glasgow,2016,grace.jackson@gmail.com
37,11038,Sarah,Walker,Female,54,Silver,Birmingham,2021,sarah.walker@yahoo.co.uk
38,11039,Lisa,Robinson,Female,35,Platinum,London,2019,lisa.robinson@hotmail.com
39,11040,Steven,Wood,Male,48,Platinum,Leeds,2017,steven.wood@yahoo.co.uk
40,11041,Stephanie,Cooper,Female,36,Bronze,London,2022,stephanie.cooper@icloud.com
41,11042,Grace,Davies,Female,35,Silver,London,2015,grace.davies@gmail.com
42,11043,Betty,Evans,Female,67,Bronze,Birmingham,2022,betty.evans@outlook.com
43,11044,William,Brown,Male,59,Gold,Glasgow,2021,william.brown@yahoo.com
44,11045,Michael,Wilson,Male,49,Gold,Leeds,2019,michael.wilson@outlook.com
45,11046,Grace,Jackson,Female,43,Bronze,Birmingham,2023,grace.jackson@hotmail.com
46,11047,Laura,Jones,Female,45,Bronze,London,2016,laura.jones@yahoo.co.uk
47,11048,Noah,Jackson,Male,72,Bronze,Birmingham,2021,noah.jackson@yahoo.co.uk
48,11049,Joseph,Jones,Male,47,Gold,London,2016,joseph.jones@yahoo.com
49,11050,Austin,Brown,Male,43,Gold,Glasgow,2019,austin.brown@icloud.com
50,11051,Leah,Thompson,Female,50,Bronze,Glasgow,2017,leah.thompson@yahoo.com
51,11052,Donna,Clarke,Female,58,Silver,Leeds,2020,donna.clarke@hotmail.com
52,11053,Frederick,Chybaski,Male,51,Silver,Glasgow,2016,frederick.chybaski@yahoo.co.uk
53,11054,Sarah,Thompson,Female,52,Bronze,London,2019,sarah.thompson@yahoo.co.uk
54,11055,Emily,Cooper,Female,61,Bronze,Manchester,2023,emily.cooper@outlook.com
55,11056,Nancy,Hughes,Female,41,Silver,London,2015,nancy.hughes@outlook.com
56,11057,Hannah,Thompson,Female,54,Bronze,Birmingham,2017,hannah.thompson@outlook.com
57,11058,Emily,Wilson,Female,41,Platinum,Glasgow,2017,emily.wilson@yahoo.com
58,11059,Donald,Robinson,Male,74,Silver,Manchester,2017,donald.robinson@yahoo.co.uk
59,11060,Adrian,Johnson,Male,45,Bronze,Manchester,2017,adrian.johnson@gmail.com
60,11061,Frederick,Edwards,Male,27,Bronze,London,2018,frederick.edwards@outlook.com
61,11062,John,Thompson,Male,67,Gold,Glasgow,2023,john.thompson@hotmail.com
62,11063,John,Wilson,Male,35,Bronze,Glasgow,2015,john.wilson@outlook.com
63,11064,Noah,Cooper,Male,45,Gold,London,2018,noah.cooper@outlook.com
64,11065,Noah,Thompson,Male,69,Bronze,Manchester,2022,noah.thompson@hotmail.com
65,11066,Frederick,Jackson,Male,74,Bronze,Manchester,2023,frederick.jackson@yahoo.co.uk
66,11067,David,Walker,Male,46,Bronze,Birmingham,2015,david.walker@hotmail.com
67,11068,Noah,Jackson,Male,33,Gold,Manchester,2023,noah.jackson@hotmail.com
68,11069,Leah,Davies,Female,42,Bronze,Birmingham,2020,leah.davies@yahoo.co.uk
69,11070,Noah,Smith,Male,77,Silver,Manchester,2015,noah.smith@yahoo.com
70,11071,Mike,Thompson,Male,21,Bronze,Birmingham,2015,mike.thompson@yahoo.com
71,11072,Thomas,Edwards,Male,76,Silver,London,2023,thomas.edwards@yahoo.co.uk
72,11073,Sophia,Chybaski,Female,70,Bronze,Manchester,2020,sophia.chybaski@gmail.com
73,11074,Anthony,Wilson,Male,41,Gold,Glasgow,2019,anthony.wilson@outlook.com
74,11075,Nancy,Jones,Female,18,Silver,Manchester,2015,nancy.jones@gmail.com
75,11076,Grace,Clarke,Female,63,Bronze,London,2022,grace.clarke@gmail.com
76,11077,James,Robinson,Male,38,Silver,Leeds,2018,james.robinson@yahoo.com
77,11078,John,Evans,Male,77,Gold,Birmingham,2017,john.evans@yahoo.co.uk
78,11079,Emma,Brown,Female,22,Bronze,Glasgow,2020,emma.brown@hotmail.com
79,11080,Mike,Clarke,Male,41,Bronze,Glasgow,2016,mike.clarke@gmail.com
80,11081,Grace,Cooper,Female,57,Gold,Glasgow,2022,grace.cooper@outlook.com
81,11082,Stephanie,Wright,Female,74,Bronze,London,2023,stephanie.wright@yahoo.co.uk
82,11083,Laura,Wilson,Female,28,Bronze,Manchester,2019,laura.wilson@gmail.com
83,11084,Frederick,Walker,Male,38,Bronze,Glasgow,2023,frederick.walker@yahoo.com
84,11085,Betty,Walker,Female,46,Silver,Leeds,2023,betty.walker@icloud.com
85,11086,Jennifer,Jones,Female,62,Bronze,London,2018,jennifer.jones@icloud.com
86,11087,Zoey,Cooper,Female,68,Bronze,Birmingham,2020,zoey.cooper@gmail.com
87,11088,Jennifer,Wood,Female,68,Gold,Glasgow,2022,jennifer.wood@yahoo.co.uk
88,11089,Richard,Wilson,Male,68,Platinum,Leeds,2021,richard.wilson@yahoo.com
89,11090,Mike,Hughes,Male,79,Gold,Glasgow,2016,mike.hughes@yahoo.co.uk
90,11091,Thomas,Wilson,Male,24,Bronze,Leeds,2019,thomas.wilson@icloud.com
91,11092,Lisa,Wilson,Female,33,Bronze,Leeds,2016,lisa.wilson@outlook.com
92,11093,Joseph,Cooper,Male,39,Bronze,Birmingham,2019,joseph.cooper@yahoo.co.uk
93,11094,Grace,Evans,Female,48,Silver,London,2017,grace.evans@icloud.com
94,11095,Laura,Johnson,Female,45,Bronze,Manchester,2020,laura.johnson@hotmail.com
95,11096,Sophia,Wood,Female,36,Gold,Manchester,2020,sophia.wood@yahoo.com
96,11097,Anthony,Robinson,Male,37,Bronze,Glasgow,2018,anthony.robinson@yahoo.co.uk
97,11098,James,Jackson,Male,79,Silver,London,2023,james.jackson@icloud.com
98,11099,John,Smith,Male,57,Platinum,Birmingham,2017,john.smith@yahoo.co.uk
99,11100,Frederick,Wilson,Male,53,Bronze,Glasgow,2016,frederick.wilson@yahoo.co.uk
100,11101,Laura,Jackson,Female,55,Silver,Birmingham,2016,laura.jackson@gmail.com
101,11102,Noah,Edwards,Male,78,Platinum,Glasgow,2019,noah.edwards@icloud.com
102,11103,Noah,Wilson,Male,59,Gold,Leeds,2017,noah.wilson@yahoo.co.uk
103,11104,Susan,Robinson,Female,72,Bronze,Manchester,2019,susan.robinson@yahoo.co.uk
104,11105,Daniel,Walker,Male,24,Platinum,Leeds,2023,daniel.walker@yahoo.com
105,11106,Betty,Smith,Female,43,Bronze,Manchester,2023,betty.smith@outlook.com
106,11107,Mike,Clarke,Male,41,Bronze,Leeds,2018,mike.clarke@outlook.com
107,11108,Matthew,Wright,Male,47,Platinum,Glasgow,2020,matthew.wright@icloud.com
108,11109,Noah,Smith,Male,57,Bronze,Manchester,2015,noah.smith@yahoo.com
109,11110,Jennifer,Jackson,Female,42,Platinum,Leeds,2023,jennifer.jackson@outlook.com
110,11111,William,Hughes,Male,32,Bronze,Manchester,2020,william.hughes@yahoo.com
111,11112,Adrian,Evans,Male,56,Gold,Birmingham,2023,adrian.evans@outlook.com
112,11113,Zoey,Wilson,Female,69,Bronze,Birmingham,2021,zoey.wilson@hotmail.com
113,11114,Sarah,Taylor,Female,50,Silver,London,2023,sarah.taylor@hotmail.com
114,11115,Mike,Thompson,Male,55,Gold,Glasgow,2021,mike.thompson@yahoo.com
115,11116,Sophia,Wright,Female,38,Bronze,Manchester,2015,sophia.wright@gmail.com
116,11117,Emily,Wright,Female,55,Gold,Glasgow,2022,emily.wright@outlook.com
117,11118,Lisa,Edwards,Female,74,Gold,Leeds,2022,lisa.edwards@gmail.com
118,11119,Hannah,Hughes,Female,68,Bronze,London,2023,hannah.hughes@hotmail.com
119,11120,Emma,Walker,Female,56,Gold,London,2018,emma.walker@hotmail.com
120,11121,Matthew,Clarke,Male,18,Platinum,Leeds,2019,matthew.clarke@yahoo.co.uk
121,11122,Robert,Walker,Male,33,Gold,London,2023,robert.walker@icloud.com
122,11123,Margaret,Wilson,Female,27,Bronze,Birmingham,2019,margaret.wilson@gmail.com
123,11124,Ashley,Wright,Female,22,Platinum,Glasgow,2020,ashley.wright@gmail.com
124,11125,Matthew,Hughes,Male,48,Gold,London,2020,matthew.hughes@yahoo.com
125,11126,Stephanie,Hughes,Female,21,Silver,Leeds,2021,stephanie.hughes@gmail.com
126,11127,Donald,Wood,Male,61,Bronze,London,2017,donald.wood@yahoo.co.uk
127,11128,Michael,Davies,Male,32,Bronze,Leeds,2022,michael.davies@icloud.com
128,11129,Zoey,Jones,Female,46,Bronze,Birmingham,2016,zoey.jones@icloud.com
129,11130,Noah,Johnson,Male,65,Bronze,London,2017,noah.johnson@outlook.com
130,11131,Richard,Chybaski,Male,29,Gold,Leeds,2021,richard.chybaski@outlook.com
131,11132,Austin,Jackson,Male,30,Platinum,Birmingham,2018,austin.jackson@hotmail.com
132,11133,Hannah,Wood,Female,72,Silver,Leeds,2016,hannah.wood@yahoo.co.uk
133,11134,Emily,Davies,Female,43,Bronze,Glasgow,2019,emily.davies@yahoo.co.uk
134,11135,Mike,Wilson,Male,28,Bronze,Glasgow,2023,mike.wilson@yahoo.co.uk
135,11136,John,Jones,Male,65,Gold,Birmingham,2021,john.jones@yahoo.co.uk
136,11137,Leah,Evans,Female,36,Bronze,Manchester,2018,leah.evans@gmail.com
137,11138,John,Johnson,Male,36,Gold,Glasgow,2019,john.johnson@gmail.com
138,11139,Zoey,Edwards,Female,72,Gold,Leeds,2015,zoey.edwards@gmail.com
139,11140,Frederick,Jackson,Male,55,Bronze,Leeds,2022,frederick.jackson@outlook.com
140,11141,Lisa,Smith,Female,72,Bronze,Leeds,2023,lisa.smith@outlook.com
141,11142,Noah,Evans,Male,54,Platinum,Birmingham,2020,noah.evans@yahoo.com
142,11143,Lisa,Johnson,Female,65,Gold,London,2023,lisa.johnson@hotmail.com
143,11144,Leah,Davies,Female,51,Silver,London,2023,leah.davies@hotmail.com
144,11145,Margaret,Wilson,Female,22,Silver,Glasgow,2023,margaret.wilson@yahoo.co.uk
145,11146,Anthony,Jones,Male,22,Bronze,Birmingham,2020,anthony.jones@gmail.com
146,11147,David,Hughes,Male,59,Bronze,Manchester,2018,david.hughes@gmail.com
147,11148,Sarah,Davies,Female,37,Bronze,Manchester,2020,sarah.davies@gmail.com
148,11149,Emily,Wood,Female,72,Bronze,Leeds,2016,emily.wood@outlook.com
149,11150,Emily,Robinson,Female,51,Bronze,London,2017,emily.robinson@gmail.com
150,11151,Ashley,Walker,Female,23,Bronze,Birmingham,2016,ashley.walker@outlook.com
151,11152,Laura,Thompson,Female,29,Bronze,Birmingham,2020,laura.thompson@icloud.com
152,11153,Michael,Jackson,Male,75,Gold,Birmingham,2021,michael.jackson@hotmail.com
153,11154,Matthew,Cooper,Male,37,Platinum,Leeds,2016,matthew.cooper@yahoo.co.uk
154,11155,Olivia,Davies,Female,61,Silver,Leeds,2018,olivia.davies@gmail.com
155,11156,Noah,Evans,Male,66,Gold,Birmingham,2019,noah.evans@yahoo.com
156,11157,Joseph,Wright,Male,25,Bronze,Leeds,2017,joseph.wright@yahoo.co.uk
157,11158,Donald,Walker,Male,24,Bronze,Manchester,2021,donald.walker@icloud.com
158,11159,Matthew,Clarke,Male,30,Silver,Birmingham,2017,matthew.clarke@yahoo.com
159,11160,Donna,Edwards,Female,34,Bronze,London,2019,donna.edwards@outlook.com
160,11161,Donald,Edwards,Male,52,Bronze,Glasgow,2021,donald.edwards@yahoo.co.uk
161,11162,Noah,Robinson,Male,71,Gold,Leeds,2020,noah.robinson@hotmail.com
162,11163,Michael,Chybaski,Male,70,Bronze,Leeds,2016,michael.chybaski@outlook.com
163,11164,Zoey,Chybaski,Female,48,Bronze,Manchester,2022,zoey.chybaski@yahoo.co.uk
164,11165,Sophia,Thompson,Female,21,Platinum,Birmingham,2020,sophia.thompson@outlook.com
165,11166,Emily,Robinson,Female,27,Bronze,Manchester,2023,emily.robinson@hotmail.com
166,11167,Anthony,Thompson,Male,45,Gold,Manchester,2018,anthony.thompson@icloud.com
167,11168,Austin,Smith,Male,58,Silver,Leeds,2017,austin.smith@hotmail.com
168,11169,Zoey,Robinson,Female,67,Bronze,Birmingham,2020,zoey.robinson@gmail.com
169,11170,Matthew,Wood,Male,21,Bronze,Leeds,2020,matthew.wood@yahoo.co.uk
170,11171,Steven,Jones,Male,70,Bronze,Leeds,2015,steven.jones@yahoo.co.uk
171,11172,Richard,Wilson,Male,18,Gold,Birmingham,2021,richard.wilson@gmail.com
172,11173,Joseph,Evans,Male,51,Gold,Manchester,2021,joseph.evans@outlook.com
173,11174,Sarah,Davies,Female,74,Gold,Birmingham,2020,sarah.davies@yahoo.com
174,11175,Laura,Wilson,Female,22,Silver,Birmingham,2015,laura.wilson@hotmail.com
175,11176,Frederick,Hughes,Male,72,Silver,Manchester,2015,frederick.hughes@hotmail.com
176,11177,Joseph,Davies,Male,53,Bronze,Glasgow,2017,joseph.davies@yahoo.com
177,11178,Leah,Jackson,Female,65,Bronze,Birmingham,2022,leah.jackson@hotmail.com
178,11179,Noah,Wilson,Male,26,Bronze,Glasgow,2020,noah.wilson@outlook.com
179,11180,James,Wood,Male,19,Bronze,Birmingham,2019,james.wood@yahoo.com
180,11181,Donna,Robinson,Female,34,Bronze,London,2021,donna.robinson@yahoo.co.uk
181,11182,Joseph,Smith,Male,41,Platinum,Glasgow,2016,joseph.smith@outlook.com
182,11183,Donna,Johnson,Female,40,Gold,London,2017,donna.johnson@hotmail.com
183,11184,Grace,Wood,Female,66,Silver,Leeds,2016,grace.wood@yahoo.co.uk
184,11185,Donald,Robinson,Male,65,Silver,Glasgow,2017,donald.robinson@gmail.com
185,11186,Frederick,Davies,Male,61,Bronze,Manchester,2015,frederick.davies@icloud.com
186,11187,Lisa,Jackson,Female,78,Silver,Birmingham,2023,lisa.jackson@gmail.com
187,11188,Mike,Evans,Male,20,Gold,London,2022,mike.evans@icloud.com
188,11189,James,Clarke,Male,79,Bronze,Birmingham,2018,james.clarke@outlook.com
189,11190,Emily,Brown,Female,75,Bronze,Glasgow,2018,emily.brown@hotmail.com
190,11191,William,Thompson,Male,27,Bronze,Glasgow,2022,william.thompson@yahoo.co.uk
191,11192,Noah,Wilson,Male,70,Silver,Birmingham,2020,noah.wilson@outlook.com
192,11193,Austin,Wood,Male,38,Bronze,Leeds,2015,austin.wood@outlook.com
193,11194,Noah,Brown,Male,29,Bronze,Birmingham,2017,noah.brown@yahoo.com
194,11195,Michael,Thompson,Male,21,Platinum,London,2022,michael.thompson@yahoo.co.uk
195,11196,Steven,Davies,Male,35,Bronze,London,2018,steven.davies@yahoo.com
196,11197,Olivia,Wilson,Female,23,Silver,Birmingham,2015,olivia.wilson@hotmail.com
197,11198,Robert,Smith,Male,46,Platinum,Birmingham,2017,robert.smith@icloud.com
198,11199,Ashley,Thompson,Female,34,Gold,Manchester,2020,ashley.thompson@yahoo.com
199,11200,Frederick,Davies,Male,79,Gold,Glasgow,2017,frederick.davies@yahoo.co.uk
200,11201,Frederick,Wright,Male,69,Bronze,London,2017,frederick.wright@hotmail.com
201,11202,Noah,Evans,Male,57,Silver,London,2016,noah.evans@icloud.com
202,11203,Donna,Johnson,Female,52,Gold,Manchester,2019,donna.johnson@yahoo.com
203,11204,Susan,Wright,Female,54,Silver,Manchester,2022,susan.wright@outlook.com
204,11205,Austin,Wood,Male,39,Bronze,Glasgow,2016,austin.wood@hotmail.com
205,11206,Steven,Wood,Male,23,Bronze,London,2017,steven.wood@hotmail.com
206,11207,John,Edwards,Male,69,Silver,Birmingham,2020,john.edwards@icloud.com
207,11208,Noah,Robinson,Male,63,Silver,Glasgow,2015,noah.robinson@outlook.com
208,11209,Sophia,Jones,Female,37,Silver,Leeds,2021,sophia.jones@outlook.com
209,11210,Joseph,Taylor,Male,47,Gold,Manchester,2016,joseph.taylor@outlook.com
210,11211,Emily,Chybaski,Female,72,Silver,London,2018,emily.chybaski@yahoo.co.uk
211,11212,Sarah,Robinson,Female,37,Silver,London,2021,sarah.robinson@icloud.com
212,11213,Daniel,Jones,Male,40,Bronze,Birmingham,2020,daniel.jones@outlook.com
213,11214,Hannah,Davies,Female,69,Bronze,Leeds,2020,hannah.davies@gmail.com
214,11215,Richard,Thompson,Male,36,Bronze,London,2016,richard.thompson@yahoo.co.uk
215,11216,Stephanie,Wilson,Female,25,Gold,Manchester,2021,stephanie.wilson@icloud.com
216,11217,Frederick,Walker,Male,31,Silver,Birmingham,2021,frederick.walker@yahoo.com
217,11218,Grace,Brown,Female,63,Gold,Glasgow,2019,grace.brown@icloud.com
218,11219,Nancy,Clarke,Female,54,Bronze,Birmingham,2021,nancy.clarke@gmail.com
219,11220,Steven,Wood,Male,59,Bronze,London,2017,steven.wood@yahoo.co.uk
220,11221,Margaret,Jackson,Female,31,Gold,Glasgow,2015,margaret.jackson@hotmail.com
221,11222,Thomas,Wilson,Male,40,Silver,London,2018,thomas.wilson@outlook.com
222,11223,Robert,Robinson,Male,23,Silver,Birmingham,2023,robert.robinson@outlook.com
223,11224,Zoey,Cooper,Female,36,Bronze,Manchester,2019,zoey.cooper@yahoo.co.uk
224,11225,Robert,Wilson,Male,34,Silver,London,2021,robert.wilson@yahoo.co.uk
225,11226,Grace,Taylor,Female,47,Bronze,London,2019,grace.taylor@yahoo.co.uk
226,11227,Robert,Robinson,Male,52,Bronze,Leeds,2019,robert.robinson@yahoo.com
227,11228,Jennifer,Chybaski,Female,47,Bronze,Leeds,2018,jennifer.chybaski@yahoo.com
228,11229,Grace,Brown,Female,20,Gold,Manchester,2017,grace.brown@hotmail.com
229,11230,Sarah,Wilson,Female,22,Silver,Manchester,2022,sarah.wilson@hotmail.com
230,11231,Thomas,Walker,Male,32,Silver,Birmingham,2015,thomas.walker@yahoo.co.uk
231,11232,Sophia,Davies,Female,53,Bronze,London,2023,sophia.davies@gmail.com
232,11233,Jennifer,Brown,Female,23,Silver,London,2017,jennifer.brown@icloud.com
233,11234,Emily,Robinson,Female,21,Bronze,Manchester,2021,emily.robinson@icloud.com
234,11235,Susan,Johnson,Female,25,Bronze,London,2021,susan.johnson@gmail.com
235,11236,John,Walker,Male,31,Silver,Birmingham,2020,john.walker@hotmail.com
236,11237,Lisa,Brown,Female,69,Bronze,Glasgow,2016,lisa.brown@yahoo.com
237,11238,Laura,Brown,Female,70,Silver,Leeds,2018,laura.brown@yahoo.co.uk
238,11239,Anthony,Wilson,Male,49,Bronze,London,2020,anthony.wilson@gmail.com
239,11240,Adrian,Evans,Male,49,Bronze,Glasgow,2016,adrian.evans@yahoo.com
240,11241,Anthony,Smith,Male,55,Bronze,Glasgow,2019,anthony.smith@gmail.com
241,11242,Grace,Clarke,Female,31,Platinum,Glasgow,2017,grace.clarke@yahoo.com
242,11243,Susan,Brown,Female,79,Bronze,Leeds,2016,susan.brown@hotmail.com
243,11244,Frederick,Robinson,Male,30,Gold,Manchester,2017,frederick.robinson@gmail.com
244,11245,Mike,Thompson,Male,31,Bronze,Birmingham,2015,mike.thompson@icloud.com
245,11246,Emily,Taylor,Female,28,Gold,London,2017,emily.taylor@yahoo.com
246,11247,Thomas,Johnson,Male,32,Bronze,Glasgow,2016,thomas.johnson@yahoo.com
247,11248,Donna,Chybaski,Female,52,Silver,Glasgow,2018,donna.chybaski@icloud.com
248,11249,Emma,Robinson,Female,24,Gold,Birmingham,2016,emma.robinson@yahoo.co.uk
249,11250,Michael,Jones,Male,35,Bronze,London,2019,michael.jones@icloud.com
250,11251,Frederick,Chybaski,Male,60,Bronze,London,2023,frederick.chybaski@icloud.com
251,11252,Richard,Thompson,Male,75,Gold,Leeds,2020,richard.thompson@yahoo.co.uk
252,11253,Grace,Cooper,Female,61,Bronze,Birmingham,2018,grace.cooper@icloud.com
253,11254,Mike,Johnson,Male,40,Platinum,Leeds,2022,mike.johnson@yahoo.co.uk
254,11255,Austin,Wilson,Male,41,Bronze,Manchester,2015,austin.wilson@hotmail.com
255,11256,Zoey,Edwards,Female,30,Gold,Birmingham,2022,zoey.edwards@hotmail.com
256,11257,Thomas,Thompson,Male,30,Silver,Glasgow,2015,thomas.thompson@hotmail.com
257,11258,Noah,Wood,Male,44,Bronze,London,2022,noah.wood@yahoo.co.uk
258,11259,Daniel,Jackson,Male,33,Bronze,Glasgow,2016,daniel.jackson@outlook.com
259,11260,Anthony,Thompson,Male,64,Bronze,Birmingham,2021,anthony.thompson@yahoo.co.uk
260,11261,Matthew,Clarke,Male,58,Silver,London,2016,matthew.clarke@yahoo.co.uk
261,11262,Robert,Smith,Male,44,Bronze,Glasgow,2023,robert.smith@hotmail.com
262,11263,Donna,Clarke,Female,50,Bronze,Leeds,2018,donna.clarke@icloud.com
263,11264,Jennifer,Davies,Female,30,Bronze,London,2023,jennifer.davies@yahoo.co.uk
264,11265,Olivia,Jackson,Female,63,Bronze,Leeds,2019,olivia.jackson@hotmail.com
265,11266,Daniel,Thompson,Male,30,Platinum,Leeds,2021,daniel.thompson@outlook.com
266,11267,Zoey,Thompson,Female,56,Silver,Manchester,2023,zoey.thompson@yahoo.com
267,11268,Joseph,Smith,Male,59,Bronze,Birmingham,2017,joseph.smith@yahoo.co.uk
268,11269,Adrian,Chybaski,Male,30,Silver,Birmingham,2019,adrian.chybaski@icloud.com
269,11270,Emily,Davies,Female,25,Platinum,Leeds,2022,emily.davies@yahoo.com
270,11271,Noah,Evans,Male,34,Silver,Manchester,2015,noah.evans@hotmail.com
271,11272,Noah,Smith,Male,40,Silver,Birmingham,2020,noah.smith@gmail.com
272,11273,Robert,Smith,Male,28,Silver,Leeds,2016,robert.smith@gmail.com
273,11274,John,Johnson,Male,41,Silver,Leeds,2023,john.johnson@yahoo.com
274,11275,Laura,Evans,Female,72,Bronze,Manchester,2015,laura.evans@hotmail.com
275,11276,Margaret,Jones,Female,46,Bronze,Manchester,2017,margaret.jones@icloud.com
276,11277,Donald,Hughes,Male,32,Gold,Manchester,2021,donald.hughes@gmail.com
277,11278,Steven,Wilson,Male,24,Bronze,Birmingham,2018,steven.wilson@outlook.com
278,11279,Sarah,Wood,Female,29,Bronze,Manchester,2016,sarah.wood@gmail.com
279,11280,Emily,Chybaski,Female,40,Silver,Leeds,2020,emily.chybaski@icloud.com
280,11281,Thomas,Evans,Male,78,Platinum,Leeds,2016,thomas.evans@gmail.com
281,11282,Noah,Walker,Male,53,Platinum,Glasgow,2019,noah.walker@yahoo.co.uk
282,11283,Emily,Evans,Female,55,Silver,Glasgow,2022,emily.evans@hotmail.com
283,11284,Sophia,Clarke,Female,40,Gold,Leeds,2020,sophia.clarke@icloud.com
284,11285,Jennifer,Jones,Female,31,Silver,London,2016,jennifer.jones@hotmail.com
285,11286,Emma,Johnson,Female,73,Silver,Glasgow,2020,emma.johnson@icloud.com
286,11287,Mike,Wright,Male,62,Silver,London,2015,mike.wright@outlook.com
287,11288,William,Wright,Male,52,Silver,Glasgow,2017,william.wright@gmail.com
288,11289,Betty,Chybaski,Female,20,Silver,Birmingham,2017,betty.chybaski@hotmail.com
289,11290,Olivia,Cooper,Female,36,Silver,Glasgow,2022,olivia.cooper@hotmail.com
290,11291,Nancy,Wright,Female,40,Gold,Leeds,2016,nancy.wright@gmail.com
291,11292,Thomas,Jackson,Male,56,Gold,Glasgow,2020,thomas.jackson@icloud.com
292,11293,Michael,Wilson,Male,34,Platinum,London,2020,michael.wilson@icloud.com
293,11294,Michael,Edwards,Male,75,Gold,London,2018,michael.edwards@yahoo.com
294,11295,Mike,Clarke,Male,71,Silver,Leeds,2019,mike.clarke@outlook.com
295,11296,Leah,Wilson,Female,23,Bronze,London,2016,leah.wilson@outlook.com
296,11297,Susan,Evans,Female,61,Bronze,Manchester,2016,susan.evans@yahoo.com
297,11298,Robert,Jones,Male,30,Silver,Leeds,2023,robert.jones@icloud.com
298,11299,Joseph,Thompson,Male,53,Platinum,Manchester,2015,joseph.thompson@yahoo.co.uk
299,11300,Sarah,Wilson,Female,55,Bronze,Glasgow,2020,sarah.wilson@gmail.com
300,11301,Leah,Brown,Female,18,Silver,Birmingham,2023,leah.brown@hotmail.com
301,11302,Austin,Cooper,Male,46,Gold,London,2019,austin.cooper@gmail.com
302,11303,Emma,Edwards,Female,51,Platinum,London,2016,emma.edwards@outlook.com
303,11304,Steven,Edwards,Male,53,Bronze,Glasgow,2023,steven.edwards@gmail.com
304,11305,James,Evans,Male,49,Gold,Manchester,2022,james.evans@hotmail.com
305,11306,Lisa,Wright,Female,71,Bronze,London,2017,lisa.wright@yahoo.com
306,11307,Stephanie,Hughes,Female,50,Gold,London,2016,stephanie.hughes@yahoo.com
307,11308,John,Robinson,Male,23,Bronze,Birmingham,2020,john.robinson@icloud.com
308,11309,Adrian,Evans,Male,46,Bronze,Leeds,2022,adrian.evans@yahoo.co.uk
309,11310,Donna,Wilson,Female,46,Bronze,Birmingham,2021,donna.wilson@icloud.com
310,11311,Michael,Chybaski,Male,73,Bronze,Glasgow,2021,michael.chybaski@gmail.com
311,11312,James,Edwards,Male,53,Gold,London,2018,james.edwards@yahoo.co.uk
312,11313,Susan,Wilson,Female,76,Platinum,London,2020,susan.wilson@icloud.com
313,11314,Noah,Jackson,Male,19,Bronze,London,2018,noah.jackson@gmail.com
314,11315,Stephanie,Wilson,Female,47,Bronze,Manchester,2019,stephanie.wilson@outlook.com
315,11316,Michael,Jones,Male,46,Gold,Manchester,2015,michael.jones@yahoo.com
316,11317,Betty,Wilson,Female,48,Silver,London,2021,betty.wilson@outlook.com
317,11318,Stephanie,Edwards,Female,54,Silver,London,2015,stephanie.edwards@yahoo.com
318,11319,Donald,Cooper,Male,37,Bronze,Glasgow,2015,donald.cooper@gmail.com
319,11320,Margaret,Wilson,Female,30,Gold,Birmingham,2023,margaret.wilson@outlook.com
320,11321,Robert,Thompson,Male,23,Platinum,Glasgow,2022,robert.thompson@outlook.com
321,11322,Steven,Wilson,Male,35,Bronze,Birmingham,2018,steven.wilson@icloud.com
322,11323,Richard,Robinson,Male,18,Bronze,Glasgow,2015,richard.robinson@yahoo.co.uk
323,11324,Austin,Chybaski,Male,56,Silver,Leeds,2015,austin.chybaski@gmail.com
324,11325,Mike,Thompson,Male,47,Bronze,Glasgow,2022,mike.thompson@outlook.com
325,11326,Hannah,Jones,Female,36,Gold,Glasgow,2016,hannah.jones@yahoo.co.uk
326,11327,Mike,Hughes,Male,52,Silver,Birmingham,2021,mike.hughes@icloud.com
327,11328,Mike,Davies,Male,61,Silver,London,2017,mike.davies@hotmail.com
328,11329,Richard,Jones,Male,76,Bronze,Glasgow,2021,richard.jones@yahoo.com
329,11330,Daniel,Clarke,Male,43,Gold,Leeds,2018,daniel.clarke@outlook.com
330,11331,Susan,Jackson,Female,49,Bronze,Birmingham,2015,susan.jackson@hotmail.com
331,11332,Hannah,Walker,Female,78,Silver,Leeds,2019,hannah.walker@hotmail.com
332,11333,John,Wilson,Male,32,Silver,Leeds,2022,john.wilson@gmail.com
333,11334,Mike,Chybaski,Male,69,Silver,Leeds,2017,mike.chybaski@yahoo.com
334,11335,Sophia,Edwards,Female,72,Gold,London,2016,sophia.edwards@hotmail.com
335,11336,Susan,Cooper,Female,27,Silver,Leeds,2018,susan.cooper@outlook.com
336,11337,Emily,Jones,Female,29,Bronze,London,2016,emily.jones@yahoo.com
337,11338,Austin,Walker,Male,23,Bronze,Glasgow,2021,austin.walker@yahoo.co.uk
338,11339,Zoey,Davies,Female,60,Silver,Glasgow,2015,zoey.davies@hotmail.com
339,11340,Adrian,Brown,Male,47,Gold,Leeds,2021,adrian.brown@outlook.com
340,11341,Laura,Edwards,Female,42,Bronze,Glasgow,2020,laura.edwards@gmail.com
341,11342,Emily,Jones,Female,44,Silver,Leeds,2017,emily.jones@yahoo.co.uk
342,11343,Emily,Wilson,Female,67,Bronze,Manchester,2021,emily.wilson@icloud.com
343,11344,Olivia,Hughes,Female,26,Bronze,Leeds,2017,olivia.hughes@yahoo.com
344,11345,Olivia,Wilson,Female,66,Silver,Birmingham,2016,olivia.wilson@gmail.com
345,11346,Hannah,Chybaski,Female,54,Bronze,Manchester,2015,hannah.chybaski@hotmail.com
346,11347,Olivia,Evans,Female,32,Gold,Manchester,2018,olivia.evans@icloud.com
347,11348,Leah,Wilson,Female,68,Bronze,London,2015,leah.wilson@gmail.com
348,11349,Steven,Thompson,Male,42,Bronze,Leeds,2018,steven.thompson@hotmail.com
349,11350,Thomas,Jackson,Male,77,Silver,Glasgow,2016,thomas.jackson@outlook.com
350,11351,Mike,Davies,Male,78,Silver,Glasgow,2018,mike.davies@yahoo.com
351,11352,Sarah,Johnson,Female,29,Silver,Manchester,2018,sarah.johnson@icloud.com
352,11353,Ashley,Walker,Female,20,Platinum,Manchester,2022,ashley.walker@gmail.com
353,11354,Olivia,Clarke,Female,34,Bronze,Manchester,2016,olivia.clarke@yahoo.com
354,11355,Matthew,Robinson,Male,47,Gold,Manchester,2022,matthew.robinson@icloud.com
355,11356,Olivia,Johnson,Female,68,Platinum,Manchester,2019,olivia.johnson@yahoo.co.uk
356,11357,Matthew,Wright,Male,68,Bronze,Birmingham,2019,matthew.wright@gmail.com
357,11358,Leah,Cooper,Female,37,Gold,Birmingham,2017,leah.cooper@icloud.com
358,11359,Matthew,Robinson,Male,26,Platinum,Birmingham,2023,matthew.robinson@outlook.com
359,11360,Steven,Thompson,Male,19,Platinum,London,2021,steven.thompson@icloud.com
360,11361,Susan,Hughes,Female,46,Gold,Manchester,2018,susan.hughes@yahoo.co.uk
361,11362,Ashley,Taylor,Female,41,Platinum,Glasgow,2022,ashley.taylor@yahoo.co.uk
362,11363,Olivia,Chybaski,Female,32,Bronze,London,2023,olivia.chybaski@hotmail.com
363,11364,David,Edwards,Male,67,Bronze,Birmingham,2018,david.edwards@yahoo.co.uk
364,11365,Hannah,Walker,Female,46,Bronze,Manchester,2018,hannah.walker@outlook.com
365,11366,Steven,Johnson,Male,77,Bronze,London,2015,steven.johnson@gmail.com
366,11367,William,Clarke,Male,23,Silver,London,2019,william.clarke@hotmail.com
367,11368,Olivia,Johnson,Female,25,Platinum,Glasgow,2017,olivia.johnson@hotmail.com
368,11369,Steven,Taylor,Male,69,Gold,Birmingham,2016,steven.taylor@icloud.com
369,11370,Joseph,Cooper,Male,22,Silver,London,2015,joseph.cooper@yahoo.co.uk
370,11371,Lisa,Chybaski,Female,56,Bronze,Leeds,2019,lisa.chybaski@outlook.com
371,11372,Susan,Wilson,Female,22,Platinum,Leeds,2020,susan.wilson@outlook.com
372,11373,Stephanie,Chybaski,Female,57,Platinum,London,2017,stephanie.chybaski@outlook.com
373,11374,Daniel,Hughes,Male,60,Gold,Leeds,2020,daniel.hughes@outlook.com
374,11375,Joseph,Thompson,Male,22,Bronze,Glasgow,2020,joseph.thompson@gmail.com
375,11376,Austin,Thompson,Male,53,Silver,Glasgow,2016,austin.thompson@outlook.com
376,11377,Frederick,Edwards,Male,63,Gold,Leeds,2019,frederick.edwards@icloud.com
377,11378,Donald,Chybaski,Male,45,Bronze,Leeds,2021,donald.chybaski@yahoo.co.uk
378,11379,Thomas,Wilson,Male,30,Silver,London,2021,thomas.wilson@yahoo.com
379,11380,Adrian,Jones,Male,71,Gold,Leeds,2018,adrian.jones@yahoo.com
380,11381,Daniel,Wilson,Male,20,Bronze,London,2022,daniel.wilson@gmail.com
381,11382,Robert,Thompson,Male,20,Gold,London,2018,robert.thompson@yahoo.co.uk
382,11383,Laura,Evans,Female,69,Bronze,Leeds,2015,laura.evans@outlook.com
383,11384,Steven,Smith,Male,32,Bronze,Leeds,2023,steven.smith@hotmail.com
384,11385,Nancy,Thompson,Female,71,Silver,London,2017,nancy.thompson@yahoo.com
385,11386,David,Wilson,Male,22,Platinum,Leeds,2023,david.wilson@hotmail.com
386,11387,Emily,Clarke,Female,34,Bronze,Manchester,2016,emily.clarke@icloud.com
387,11388,Richard,Taylor,Male,66,Platinum,London,2016,richard.taylor@hotmail.com
388,11389,Donna,Cooper,Female,49,Bronze,Manchester,2017,donna.cooper@outlook.com
389,11390,Emma,Brown,Female,34,Gold,Glasgow,2023,emma.brown@hotmail.com
390,11391,Joseph,Thompson,Male,41,Bronze,Glasgow,2018,joseph.thompson@yahoo.co.uk
391,11392,Leah,Edwards,Female,55,Bronze,Birmingham,2017,leah.edwards@yahoo.co.uk
392,11393,Donna,Smith,Female,68,Silver,Leeds,2016,donna.smith@icloud.com
393,11394,William,Davies,Male,56,Silver,Leeds,2016,william.davies@gmail.com
394,11395,Daniel,Thompson,Male,79,Gold,Glasgow,2021,daniel.thompson@icloud.com
395,11396,Mike,Cooper,Male,63,Bronze,Glasgow,2016,mike.cooper@outlook.com
396,11397,Grace,Walker,Female,56,Platinum,Manchester,2020,grace.walker@hotmail.com
397,11398,William,Clarke,Male,61,Gold,Manchester,2021,william.clarke@icloud.com
398,11399,David,Jackson,Male,31,Bronze,London,2017,david.jackson@gmail.com
399,11400,Olivia,Smith,Female,56,Bronze,Leeds,2022,olivia.smith@icloud.com
400,11401,Frederick,Jones,Male,56,Silver,Birmingham,2022,frederick.jones@icloud.com
401,11402,Richard,Wood,Male,67,Silver,London,2017,richard.wood@outlook.com
402,11403,Adrian,Jackson,Male,62,Bronze,Glasgow,2017,adrian.jackson@outlook.com
403,11404,Noah,Wood,Male,74,Bronze,Manchester,2015,noah.wood@outlook.com
404,11405,Lisa,Hughes,Female,21,Bronze,Birmingham,2015,lisa.hughes@gmail.com
405,11406,Steven,Smith,Male,42,Bronze,Birmingham,2023,steven.smith@icloud.com
406,11407,David,Johnson,Male,51,Silver,Birmingham,2020,david.johnson@yahoo.com
407,11408,Donna,Thompson,Female,69,Silver,Manchester,2016,donna.thompson@outlook.com
408,11409,James,Wilson,Male,32,Bronze,Glasgow,2017,james.wilson@yahoo.com
409,11410,Grace,Davies,Female,75,Silver,Glasgow,2021,grace.davies@icloud.com
410,11411,Mike,Wilson,Male,27,Bronze,Birmingham,2015,mike.wilson@icloud.com
411,11412,Nancy,Robinson,Female,59,Gold,Glasgow,2020,nancy.robinson@outlook.com
412,11413,Austin,Davies,Male,21,Silver,Glasgow,2015,austin.davies@gmail.com
413,11414,Donald,Robinson,Male,21,Platinum,Birmingham,2020,donald.robinson@yahoo.com
414,11415,John,Davies,Male,21,Gold,Glasgow,2018,john.davies@hotmail.com
415,11416,Donna,Jackson,Female,76,Gold,London,2022,donna.jackson@yahoo.com
416,11417,Donna,Chybaski,Female,52,Silver,London,2020,donna.chybaski@outlook.com
417,11418,Steven,Edwards,Male,59,Silver,Glasgow,2023,steven.edwards@gmail.com
418,11419,Zoey,Brown,Female,53,Silver,Birmingham,2020,zoey.brown@hotmail.com
419,11420,Olivia,Wood,Female,29,Bronze,Birmingham,2022,olivia.wood@hotmail.com
420,11421,Thomas,Johnson,Male,65,Bronze,Glasgow,2017,thomas.johnson@yahoo.com
421,11422,Richard,Wilson,Male,67,Silver,London,2016,richard.wilson@icloud.com
422,11423,Matthew,Taylor,Male,44,Bronze,Manchester,2023,matthew.taylor@yahoo.co.uk
423,11424,Stephanie,Robinson,Female,21,Bronze,Birmingham,2018,stephanie.robinson@gmail.com
424,11425,Austin,Edwards,Male,61,Silver,Leeds,2020,austin.edwards@icloud.com
425,11426,Donald,Robinson,Male,39,Bronze,Manchester,2020,donald.robinson@gmail.com
426,11427,Robert,Chybaski,Male,77,Bronze,London,2023,robert.chybaski@gmail.com
427,11428,Hannah,Evans,Female,67,Bronze,Leeds,2020,hannah.evans@yahoo.com
428,11429,Donna,Johnson,Female,43,Platinum,Birmingham,2019,donna.johnson@outlook.com
429,11430,William,Clarke,Male,79,Gold,London,2019,william.clarke@yahoo.co.uk
430,11431,Emily,Johnson,Female,37,Bronze,Birmingham,2022,emily.johnson@yahoo.com
431,11432,Noah,Thompson,Male,78,Silver,Birmingham,2021,noah.thompson@gmail.com
432,11433,Lisa,Robinson,Female,45,Bronze,London,2021,lisa.robinson@yahoo.com
433,11434,Austin,Wright,Male,18,Bronze,Leeds,2019,austin.wright@icloud.com
434,11435,Leah,Jackson,Female,75,Silver,London,2019,leah.jackson@icloud.com
435,11436,David,Wilson,Male,71,Bronze,Leeds,2018,david.wilson@yahoo.com
436,11437,Robert,Hughes,Male,18,Bronze,Manchester,2019,robert.hughes@yahoo.com
437,11438,Leah,Davies,Female,49,Silver,Leeds,2017,leah.davies@yahoo.co.uk
438,11439,Anthony,Brown,Male,23,Bronze,Birmingham,2019,anthony.brown@hotmail.com
439,11440,Ashley,Davies,Female,26,Silver,Birmingham,2022,ashley.davies@hotmail.com
440,11441,Leah,Cooper,Female,39,Bronze,Leeds,2019,leah.cooper@gmail.com
441,11442,William,Johnson,Male,53,Bronze,London,2018,william.johnson@yahoo.co.uk
442,11443,Frederick,Smith,Male,57,Silver,Glasgow,2019,frederick.smith@hotmail.com
443,11444,Sophia,Taylor,Female,37,Silver,London,2023,sophia.taylor@yahoo.com
444,11445,Leah,Thompson,Female,21,Bronze,Leeds,2023,leah.thompson@yahoo.co.uk
445,11446,Steven,Jackson,Male,18,Bronze,London,2019,steven.jackson@hotmail.com
446,11447,Stephanie,Evans,Female,27,Silver,Leeds,2016,stephanie.evans@yahoo.co.uk
447,11448,Austin,Chybaski,Male,55,Gold,Leeds,2022,austin.chybaski@yahoo.com
448,11449,Matthew,Wright,Male,57,Bronze,Glasgow,2021,matthew.wright@gmail.com
449,11450,Susan,Cooper,Female,40,Bronze,Leeds,2019,susan.cooper@yahoo.co.uk
450,11451,Betty,Wood,Female,77,Bronze,London,2023,betty.wood@hotmail.com
451,11452,William,Edwards,Male,68,Bronze,Glasgow,2021,william.edwards@hotmail.com
452,11453,Emily,Thompson,Female,66,Bronze,London,2021,emily.thompson@hotmail.com
453,11454,Emily,Taylor,Female,54,Bronze,Leeds,2022,emily.taylor@hotmail.com
454,11455,Stephanie,Robinson,Female,52,Silver,London,2017,stephanie.robinson@yahoo.co.uk
455,11456,Joseph,Cooper,Male,57,Gold,Glasgow,2017,joseph.cooper@yahoo.com
456,11457,Emma,Walker,Female,36,Silver,Leeds,2020,emma.walker@gmail.com
457,11458,Steven,Edwards,Male,33,Gold,Manchester,2022,steven.edwards@yahoo.co.uk
458,11459,William,Thompson,Male,75,Bronze,Leeds,2017,william.thompson@yahoo.com
459,11460,Noah,Brown,Male,28,Gold,Birmingham,2017,noah.brown@yahoo.co.uk
460,11461,Zoey,Taylor,Female,73,Gold,Glasgow,2022,zoey.taylor@yahoo.co.uk
461,11462,Betty,Wilson,Female,68,Platinum,Birmingham,2017,betty.wilson@hotmail.com
462,11463,John,Clarke,Male,57,Platinum,London,2018,john.clarke@hotmail.com
463,11464,Michael,Taylor,Male,18,Silver,Leeds,2017,michael.taylor@icloud.com
464,11465,Mike,Edwards,Male,44,Bronze,Glasgow,2022,mike.edwards@icloud.com
465,11466,Thomas,Hughes,Male,51,Silver,Manchester,2023,thomas.hughes@icloud.com
466,11467,William,Thompson,Male,18,Silver,Birmingham,2015,william.thompson@hotmail.com
467,11468,Robert,Brown,Male,27,Gold,Birmingham,2018,robert.brown@hotmail.com
468,11469,Adrian,Cooper,Male,48,Bronze,Manchester,2018,adrian.cooper@icloud.com
469,11470,Mike,Jackson,Male,33,Silver,Leeds,2019,mike.jackson@hotmail.com
470,11471,James,Walker,Male,29,Bronze,Manchester,2016,james.walker@yahoo.com
471,11472,Anthony,Wood,Male,53,Silver,Leeds,2018,anthony.wood@hotmail.com
472,11473,Austin,Edwards,Male,35,Bronze,Birmingham,2022,austin.edwards@yahoo.co.uk
473,11474,James,Wilson,Male,72,Bronze,Manchester,2017,james.wilson@yahoo.co.uk
474,11475,Michael,Smith,Male,39,Gold,Glasgow,2017,michael.smith@outlook.com
475,11476,Emily,Jones,Female,25,Gold,Leeds,2015,emily.jones@outlook.com
476,11477,James,Robinson,Male,48,Bronze,Glasgow,2019,james.robinson@icloud.com
477,11478,Robert,Hughes,Male,26,Silver,Leeds,2018,robert.hughes@icloud.com
478,11479,Robert,Hughes,Male,28,Gold,Manchester,2016,robert.hughes@yahoo.co.uk
479,11480,Emma,Hughes,Female,43,Gold,Birmingham,2021,emma.hughes@yahoo.co.uk
480,11481,Adrian,Walker,Male,23,Bronze,Manchester,2017,adrian.walker@icloud.com
481,11482,Austin,Walker,Male,27,Silver,Manchester,2020,austin.walker@gmail.com
482,11483,Richard,Brown,Male,54,Silver,Glasgow,2023,richard.brown@gmail.com
483,11484,Susan,Smith,Female,69,Silver,London,2017,susan.smith@icloud.com
484,11485,Steven,Thompson,Male,79,Silver,Manchester,2016,steven.thompson@icloud.com
485,11486,Noah,Edwards,Male,56,Gold,Leeds,2015,noah.edwards@icloud.com
486,11487,Olivia,Clarke,Female,63,Bronze,Glasgow,2023,olivia.clarke@gmail.com
487,11488,Thomas,Chybaski,Male,38,Gold,London,2020,thomas.chybaski@gmail.com
488,11489,Emma,Edwards,Female,62,Silver,Manchester,2023,emma.edwards@hotmail.com
489,11490,Zoey,Thompson,Female,23,Silver,Glasgow,2023,zoey.thompson@icloud.com
490,11491,Zoey,Brown,Female,61,Gold,Manchester,2016,zoey.brown@gmail.com
491,11492,Robert,Walker,Male,40,Silver,Birmingham,2015,robert.walker@gmail.com
492,11493,Austin,Wilson,Male,71,Bronze,Glasgow,2023,austin.wilson@gmail.com
493,11494,Anthony,Jackson,Male,24,Bronze,Manchester,2022,anthony.jackson@yahoo.com
494,11495,Anthony,Wright,Male,60,Gold,Leeds,2016,anthony.wright@icloud.com
495,11496,Frederick,Wilson,Male,66,Gold,Manchester,2016,frederick.wilson@yahoo.com
496,11497,Laura,Davies,Female,39,Bronze,London,2021,laura.davies@yahoo.co.uk
497,11498,Matthew,Brown,Male,47,Bronze,Glasgow,2016,matthew.brown@gmail.com
498,11499,Betty,Jones,Female,53,Bronze,Glasgow,2023,betty.jones@icloud.com
499,11500,Zoey,Smith,Female,28,Bronze,London,2019,zoey.smith@icloud.com
500,11501,Noah,Evans,Male,60,Bronze,London,2020,noah.evans@gmail.com
501,11502,Hannah,Wilson,Female,55,Gold,Birmingham,2022,hannah.wilson@hotmail.com
502,11503,Mike,Davies,Male,44,Gold,Birmingham,2021,mike.davies@icloud.com
503,11504,Joseph,Thompson,Male,34,Bronze,Glasgow,2016,joseph.thompson@hotmail.com
504,11505,Olivia,Robinson,Female,57,Silver,Leeds,2019,olivia.robinson@gmail.com
505,11506,Matthew,Wright,Male,38,Silver,London,2015,matthew.wright@gmail.com
506,11507,Zoey,Johnson,Female,78,Bronze,Glasgow,2016,zoey.johnson@icloud.com
507,11508,Zoey,Taylor,Female,78,Gold,Glasgow,2020,zoey.taylor@icloud.com
508,11509,Thomas,Robinson,Male,26,Silver,Manchester,2021,thomas.robinson@gmail.com
509,11510,Thomas,Robinson,Male,73,Bronze,Birmingham,2018,thomas.robinson@outlook.com
510,11511,Emma,Taylor,Female,61,Bronze,Manchester,2021,emma.taylor@yahoo.co.uk
511,11512,Leah,Smith,Female,64,Gold,Manchester,2023,leah.smith@gmail.com
512,11513,Noah,Johnson,Male,75,Bronze,Birmingham,2022,noah.johnson@hotmail.com
513,11514,Anthony,Cooper,Male,71,Platinum,Glasgow,2021,anthony.cooper@icloud.com
514,11515,Joseph,Edwards,Male,78,Gold,Birmingham,2022,joseph.edwards@yahoo.co.uk
515,11516,Laura,Wood,Female,73,Bronze,Leeds,2015,laura.wood@yahoo.com
516,11517,Leah,Jones,Female,77,Gold,Birmingham,2020,leah.jones@gmail.com
517,11518,Betty,Walker,Female,46,Platinum,Glasgow,2023,betty.walker@yahoo.co.uk
518,11519,Anthony,Jones,Male,61,Silver,London,2019,anthony.jones@hotmail.com
519,11520,Noah,Robinson,Male,65,Gold,Leeds,2021,noah.robinson@icloud.com
520,11521,Ashley,Cooper,Female,24,Bronze,London,2018,ashley.cooper@yahoo.com
521,11522,Frederick,Wood,Male,35,Silver,Leeds,2017,frederick.wood@yahoo.co.uk
522,11523,Leah,Thompson,Female,47,Bronze,Leeds,2021,leah.thompson@hotmail.com
523,11524,Matthew,Jones,Male,39,Bronze,Glasgow,2020,matthew.jones@yahoo.com
524,11525,John,Evans,Male,32,Platinum,Glasgow,2017,john.evans@outlook.com
525,11526,Donna,Thompson,Female,52,Gold,London,2018,donna.thompson@gmail.com
526,11527,Emily,Smith,Female,18,Platinum,Manchester,2015,emily.smith@outlook.com
527,11528,Emma,Thompson,Female,20,Bronze,London,2020,emma.thompson@icloud.com
528,11529,Michael,Edwards,Male,75,Bronze,Manchester,2020,michael.edwards@yahoo.co.uk
529,11530,Emma,Wilson,Female,29,Bronze,Glasgow,2018,emma.wilson@outlook.com
530,11531,Mike,Davies,Male,44,Silver,Manchester,2015,mike.davies@yahoo.co.uk
531,11532,Austin,Hughes,Male,59,Silver,Glasgow,2016,austin.hughes@hotmail.com
532,11533,Grace,Clarke,Female,28,Bronze,Birmingham,2019,grace.clarke@outlook.com
533,11534,Laura,Walker,Female,40,Silver,Glasgow,2015,laura.walker@yahoo.com
534,11535,Anthony,Brown,Male,39,Gold,Birmingham,2017,anthony.brown@yahoo.com
535,11536,Michael,Clarke,Male,53,Silver,Birmingham,2022,michael.clarke@yahoo.co.uk
536,11537,Hannah,Jackson,Female,26,Silver,Glasgow,2015,hannah.jackson@yahoo.co.uk
537,11538,Lisa,Wilson,Female,23,Gold,Birmingham,2023,lisa.wilson@gmail.com
538,11539,Jennifer,Taylor,Female,43,Silver,Glasgow,2017,jennifer.taylor@outlook.com
539,11540,Thomas,Smith,Male,76,Silver,Leeds,2022,thomas.smith@yahoo.com
540,11541,Hannah,Wilson,Female,53,Silver,Glasgow,2015,hannah.wilson@hotmail.com
541,11542,Susan,Evans,Female,43,Bronze,Leeds,2022,susan.evans@outlook.com
542,11543,Adrian,Jackson,Male,59,Bronze,London,2015,adrian.jackson@hotmail.com
543,11544,Grace,Cooper,Female,53,Gold,London,2018,grace.cooper@yahoo.co.uk
544,11545,Mike,Thompson,Male,29,Bronze,Glasgow,2016,mike.thompson@yahoo.com
545,11546,Robert,Wilson,Male,35,Silver,Manchester,2018,robert.wilson@yahoo.co.uk
546,11547,Thomas,Taylor,Male,22,Bronze,Leeds,2020,thomas.taylor@hotmail.com
547,11548,Emma,Wilson,Female,78,Bronze,London,2018,emma.wilson@gmail.com
548,11549,William,Davies,Male,41,Bronze,London,2021,william.davies@yahoo.com
549,11550,Betty,Johnson,Female,55,Silver,Birmingham,2019,betty.johnson@icloud.com
550,11551,Margaret,Wilson,Female,46,Gold,Glasgow,2017,margaret.wilson@icloud.com
551,11552,Emma,Robinson,Female,40,Bronze,Leeds,2019,emma.robinson@yahoo.com
552,11553,David,Walker,Male,27,Bronze,Manchester,2021,david.walker@outlook.com
553,11554,Laura,Edwards,Female,56,Gold,Glasgow,2021,laura.edwards@yahoo.co.uk
554,11555,Olivia,Brown,Female,49,Bronze,Glasgow,2021,olivia.brown@gmail.com
555,11556,Margaret,Hughes,Female,23,Bronze,Birmingham,2018,margaret.hughes@gmail.com
556,11557,Margaret,Johnson,Female,23,Silver,Birmingham,2016,margaret.johnson@yahoo.com
557,11558,Sarah,Smith,Female,55,Platinum,Birmingham,2017,sarah.smith@yahoo.co.uk
558,11559,Donald,Johnson,Male,49,Silver,Leeds,2017,donald.johnson@yahoo.co.uk
559,11560,Emma,Wilson,Female,74,Bronze,Glasgow,2020,emma.wilson@gmail.com
560,11561,Hannah,Wright,Female,47,Gold,Birmingham,2017,hannah.wright@yahoo.com
561,11562,Michael,Smith,Male,54,Gold,London,2023,michael.smith@yahoo.co.uk
562,11563,Leah,Cooper,Female,57,Gold,Birmingham,2015,leah.cooper@icloud.com
563,11564,Leah,Wood,Female,24,Gold,Leeds,2019,leah.wood@hotmail.com
564,11565,Emily,Cooper,Female,79,Silver,Glasgow,2021,emily.cooper@yahoo.co.uk
565,11566,Emily,Davies,Female,32,Bronze,Manchester,2019,emily.davies@gmail.com
566,11567,Zoey,Chybaski,Female,22,Gold,London,2018,zoey.chybaski@yahoo.com
567,11568,Grace,Evans,Female,52,Gold,Leeds,2016,grace.evans@hotmail.com
568,11569,Zoey,Edwards,Female,68,Bronze,Manchester,2019,zoey.edwards@hotmail.com
569,11570,Stephanie,Jones,Female,75,Gold,Leeds,2021,stephanie.jones@gmail.com
570,11571,Betty,Taylor,Female,49,Bronze,Birmingham,2017,betty.taylor@icloud.com
571,11572,James,Evans,Male,64,Bronze,Glasgow,2018,james.evans@yahoo.co.uk
572,11573,Donald,Brown,Male,58,Bronze,Glasgow,2018,donald.brown@hotmail.com
573,11574,Betty,Jones,Female,40,Silver,Manchester,2021,betty.jones@gmail.com
574,11575,Adrian,Chybaski,Male,52,Gold,London,2019,adrian.chybaski@yahoo.co.uk
575,11576,Steven,Wilson,Male,24,Platinum,Birmingham,2020,steven.wilson@hotmail.com
576,11577,Emily,Walker,Female,29,Platinum,Glasgow,2017,emily.walker@yahoo.com
577,11578,Adrian,Edwards,Male,22,Gold,Manchester,2016,adrian.edwards@hotmail.com
578,11579,Sarah,Brown,Female,37,Bronze,London,2018,sarah.brown@outlook.com
579,11580,Joseph,Jones,Male,47,Bronze,Manchester,2020,joseph.jones@outlook.com
580,11581,Richard,Jackson,Male,75,Gold,Birmingham,2023,richard.jackson@hotmail.com
581,11582,Sophia,Wilson,Female,72,Gold,London,2023,sophia.wilson@yahoo.com
582,11583,Sophia,Thompson,Female,21,Gold,Leeds,2022,sophia.thompson@gmail.com
583,11584,Matthew,Smith,Male,53,Gold,Leeds,2022,matthew.smith@yahoo.com
584,11585,Margaret,Taylor,Female,47,Gold,London,2022,margaret.taylor@outlook.com
585,11586,Michael,Wilson,Male,52,Platinum,Manchester,2017,michael.wilson@gmail.com
586,11587,Emily,Wood,Female,18,Bronze,Leeds,2020,emily.wood@yahoo.com
587,11588,Noah,Davies,Male,48,Bronze,Glasgow,2016,noah.davies@yahoo.com
588,11589,Zoey,Johnson,Female,49,Bronze,Glasgow,2015,zoey.johnson@hotmail.com
589,11590,Nancy,Wright,Female,50,Silver,Glasgow,2022,nancy.wright@gmail.com
590,11591,Noah,Jones,Male,42,Bronze,Manchester,2017,noah.jones@outlook.com
591,11592,David,Wilson,Male,51,Bronze,Manchester,2022,david.wilson@yahoo.co.uk
592,11593,Emma,Cooper,Female,41,Silver,London,2015,emma.cooper@gmail.com
593,11594,Leah,Walker,Female,74,Bronze,Manchester,2022,leah.walker@outlook.com
594,11595,Stephanie,Davies,Female,35,Platinum,Manchester,2020,stephanie.davies@gmail.com
595,11596,Laura,Smith,Female,57,Bronze,Manchester,2015,laura.smith@yahoo.co.uk
596,11597,Emily,Brown,Female,40,Bronze,Birmingham,2017,emily.brown@yahoo.com
597,11598,Michael,Taylor,Male,47,Silver,London,2015,michael.taylor@outlook.com
598,11599,John,Jones,Male,59,Bronze,London,2015,john.jones@outlook.com
599,11600,Richard,Wilson,Male,33,Silver,Birmingham,2021,richard.wilson@hotmail.com
600,11601,Emily,Brown,Female,47,Silver,Manchester,2023,emily.brown@gmail.com
601,11602,Richard,Smith,Male,59,Gold,London,2018,richard.smith@outlook.com
602,11603,Austin,Edwards,Male,42,Silver,Glasgow,2018,austin.edwards@outlook.com
603,11604,Laura,Robinson,Female,39,Silver,Leeds,2018,laura.robinson@outlook.com
604,11605,Donald,Wright,Male,65,Gold,London,2017,donald.wright@yahoo.co.uk
605,11606,Lisa,Walker,Female,58,Bronze,Leeds,2017,lisa.walker@icloud.com
606,11607,Lisa,Wood,Female,41,Platinum,Glasgow,2016,lisa.wood@outlook.com
607,11608,Emma,Smith,Female,64,Bronze,Birmingham,2017,emma.smith@gmail.com
608,11609,Donald,Clarke,Male,44,Silver,Birmingham,2022,donald.clarke@icloud.com
609,11610,Olivia,Wilson,Female,31,Gold,Birmingham,2019,olivia.wilson@yahoo.com
610,11611,Mike,Thompson,Male,34,Gold,Manchester,2020,mike.thompson@gmail.com
611,11612,Thomas,Wright,Male,23,Silver,London,2017,thomas.wright@hotmail.com
612,11613,Olivia,Thompson,Female,35,Bronze,Manchester,2019,olivia.thompson@yahoo.co.uk
613,11614,Noah,Walker,Male,38,Bronze,Leeds,2018,noah.walker@yahoo.com
614,11615,Donald,Davies,Male,23,Platinum,Leeds,2017,donald.davies@outlook.com
615,11616,Nancy,Jackson,Female,43,Gold,London,2017,nancy.jackson@hotmail.com
616,11617,Emma,Jackson,Female,54,Bronze,Glasgow,2022,emma.jackson@outlook.com
617,11618,Steven,Wright,Male,55,Silver,Leeds,2017,steven.wright@yahoo.com
618,11619,Donna,Jackson,Female,73,Gold,Birmingham,2018,donna.jackson@yahoo.co.uk
619,11620,Emma,Robinson,Female,69,Gold,Birmingham,2015,emma.robinson@hotmail.com
620,11621,Michael,Robinson,Male,75,Silver,Manchester,2020,michael.robinson@icloud.com
621,11622,Adrian,Wilson,Male,72,Silver,Glasgow,2023,adrian.wilson@yahoo.co.uk
622,11623,Richard,Cooper,Male,41,Gold,Glasgow,2015,richard.cooper@outlook.com
623,11624,David,Edwards,Male,75,Silver,Manchester,2021,david.edwards@hotmail.com
624,11625,Matthew,Davies,Male,50,Platinum,Glasgow,2019,matthew.davies@outlook.com
625,11626,Donna,Wilson,Female,78,Gold,Birmingham,2015,donna.wilson@hotmail.com
626,11627,Stephanie,Evans,Female,25,Gold,Birmingham,2021,stephanie.evans@outlook.com
627,11628,Donald,Evans,Male,20,Silver,Glasgow,2019,donald.evans@yahoo.co.uk
628,11629,Lisa,Wood,Female,65,Silver,Birmingham,2018,lisa.wood@hotmail.com
629,11630,Joseph,Robinson,Male,38,Bronze,Manchester,2020,joseph.robinson@yahoo.com
630,11631,William,Wilson,Male,47,Bronze,Manchester,2015,william.wilson@icloud.com
631,11632,Michael,Taylor,Male,29,Silver,Glasgow,2015,michael.taylor@icloud.com
632,11633,Emily,Evans,Female,31,Gold,Leeds,2018,emily.evans@outlook.com
633,11634,Olivia,Wood,Female,32,Silver,Leeds,2022,olivia.wood@icloud.com
634,11635,Emily,Brown,Female,25,Gold,London,2016,emily.brown@outlook.com
635,11636,Hannah,Chybaski,Female,22,Platinum,London,2022,hannah.chybaski@icloud.com
636,11637,Joseph,Thompson,Male,44,Platinum,Glasgow,2017,joseph.thompson@yahoo.co.uk
637,11638,Robert,Wilson,Male,43,Bronze,Leeds,2023,robert.wilson@outlook.com
638,11639,Michael,Hughes,Male,60,Gold,Glasgow,2020,michael.hughes@outlook.com
639,11640,Daniel,Jones,Male,76,Bronze,Manchester,2017,daniel.jones@outlook.com
640,11641,Laura,Hughes,Female,64,Platinum,Leeds,2015,laura.hughes@hotmail.com
641,11642,Nancy,Chybaski,Female,53,Bronze,Manchester,2018,nancy.chybaski@gmail.com
642,11643,Anthony,Hughes,Male,25,Bronze,Manchester,2016,anthony.hughes@outlook.com
643,11644,Adrian,Robinson,Male,76,Silver,Glasgow,2020,adrian.robinson@hotmail.com
644,11645,Richard,Wilson,Male,62,Bronze,Leeds,2020,richard.wilson@outlook.com
645,11646,Michael,Brown,Male,45,Gold,London,2018,michael.brown@icloud.com
646,11647,David,Wilson,Male,46,Bronze,Manchester,2022,david.wilson@icloud.com
647,11648,Margaret,Wood,Female,32,Platinum,Glasgow,2019,margaret.wood@icloud.com
648,11649,Anthony,Jones,Male,57,Bronze,Leeds,2018,anthony.jones@yahoo.co.uk
649,11650,Daniel,Wilson,Male,58,Silver,Manchester,2020,daniel.wilson@icloud.com
650,11651,Sarah,Davies,Female,26,Platinum,Manchester,2019,sarah.davies@yahoo.co.uk
651,11652,Leah,Evans,Female,65,Gold,Birmingham,2022,leah.evans@gmail.com
652,11653,Lisa,Robinson,Female,71,Bronze,Birmingham,2018,lisa.robinson@yahoo.com
653,11654,Robert,Clarke,Male,76,Gold,Leeds,2021,robert.clarke@hotmail.com
654,11655,Richard,Jackson,Male,45,Gold,Manchester,2023,richard.jackson@yahoo.com
655,11656,Adrian,Evans,Male,31,Bronze,London,2015,adrian.evans@outlook.com
656,11657,Laura,Davies,Female,19,Silver,Leeds,2023,laura.davies@yahoo.com
657,11658,James,Johnson,Male,54,Gold,London,2021,james.johnson@gmail.com
658,11659,Matthew,Davies,Male,45,Silver,Leeds,2018,matthew.davies@gmail.com
659,11660,Laura,Walker,Female,29,Platinum,Glasgow,2023,laura.walker@outlook.com
660,11661,Ashley,Brown,Female,40,Bronze,Birmingham,2020,ashley.brown@yahoo.com
661,11662,James,Clarke,Male,70,Bronze,Manchester,2018,james.clarke@icloud.com
662,11663,Noah,Wilson,Male,44,Bronze,Leeds,2019,noah.wilson@outlook.com
663,11664,Margaret,Robinson,Female,55,Bronze,Birmingham,2015,margaret.robinson@outlook.com
664,11665,Emma,Wood,Female,63,Silver,Leeds,2018,emma.wood@gmail.com
665,11666,Margaret,Thompson,Female,54,Gold,Birmingham,2018,margaret.thompson@hotmail.com
666,11667,Sarah,Cooper,Female,39,Gold,Birmingham,2021,sarah.cooper@yahoo.com
667,11668,Zoey,Wood,Female,71,Bronze,London,2019,zoey.wood@outlook.com
668,11669,Leah,Wilson,Female,42,Silver,Birmingham,2021,leah.wilson@yahoo.com
669,11670,Hannah,Jones,Female,43,Gold,Leeds,2021,hannah.jones@yahoo.co.uk
670,11671,Thomas,Robinson,Male,36,Bronze,London,2017,thomas.robinson@icloud.com
671,11672,Anthony,Edwards,Male,76,Bronze,London,2020,anthony.edwards@yahoo.com
672,11673,Donald,Walker,Male,52,Bronze,Birmingham,2019,donald.walker@yahoo.com
673,11674,Daniel,Johnson,Male,69,Gold,Leeds,2022,daniel.johnson@hotmail.com
674,11675,Grace,Edwards,Female,43,Gold,Leeds,2017,grace.edwards@yahoo.co.uk
675,11676,Matthew,Taylor,Male,48,Bronze,Glasgow,2016,matthew.taylor@hotmail.com
676,11677,Adrian,Thompson,Male,18,Silver,Leeds,2015,adrian.thompson@yahoo.com
677,11678,Jennifer,Chybaski,Female,48,Bronze,Leeds,2017,jennifer.chybaski@gmail.com
678,11679,Frederick,Jackson,Male,40,Bronze,Birmingham,2016,frederick.jackson@yahoo.co.uk
679,11680,Sarah,Cooper,Female,51,Bronze,Leeds,2019,sarah.cooper@hotmail.com
680,11681,Nancy,Wright,Female,32,Bronze,Leeds,2016,nancy.wright@gmail.com
681,11682,Donald,Robinson,Male,66,Gold,Manchester,2019,donald.robinson@hotmail.com
682,11683,Hannah,Thompson,Female,67,Bronze,Birmingham,2019,hannah.thompson@hotmail.com
683,11684,Lisa,Robinson,Female,65,Silver,London,2017,lisa.robinson@yahoo.com
684,11685,Betty,Jones,Female,60,Bronze,London,2016,betty.jones@yahoo.com
685,11686,Zoey,Robinson,Female,54,Bronze,Manchester,2018,zoey.robinson@icloud.com
686,11687,Richard,Jones,Male,41,Platinum,Birmingham,2018,richard.jones@gmail.com
687,11688,Frederick,Brown,Male,21,Platinum,Leeds,2022,frederick.brown@outlook.com
688,11689,Olivia,Wilson,Female,55,Bronze,Leeds,2023,olivia.wilson@yahoo.com
689,11690,Stephanie,Edwards,Female,67,Gold,London,2019,stephanie.edwards@yahoo.com
690,11691,William,Thompson,Male,48,Bronze,Manchester,2023,william.thompson@gmail.com
691,11692,Michael,Robinson,Male,34,Silver,Birmingham,2015,michael.robinson@yahoo.com
692,11693,James,Johnson,Male,21,Bronze,Glasgow,2015,james.johnson@icloud.com
693,11694,Anthony,Chybaski,Male,69,Silver,Birmingham,2022,anthony.chybaski@gmail.com
694,11695,Noah,Jones,Male,37,Bronze,Birmingham,2022,noah.jones@icloud.com
695,11696,Joseph,Jones,Male,51,Bronze,Manchester,2015,joseph.jones@outlook.com
696,11697,Leah,Brown,Female,61,Bronze,Glasgow,2019,leah.brown@yahoo.com
697,11698,Robert,Chybaski,Male,79,Bronze,Glasgow,2023,robert.chybaski@gmail.com
698,11699,Robert,Wright,Male,43,Bronze,London,2022,robert.wright@hotmail.com
699,11700,Thomas,Walker,Male,41,Bronze,Birmingham,2018,thomas.walker@yahoo.com
700,11701,Emma,Cooper,Female,47,Bronze,Leeds,2015,emma.cooper@yahoo.com
701,11702,Mike,Hughes,Male,46,Bronze,Glasgow,2019,mike.hughes@yahoo.com
702,11703,Anthony,Smith,Male,50,Gold,Leeds,2023,anthony.smith@outlook.com
703,11704,Lisa,Hughes,Female,26,Gold,Manchester,2021,lisa.hughes@gmail.com
704,11705,Noah,Wilson,Male,62,Bronze,Birmingham,2017,noah.wilson@gmail.com
705,11706,Sarah,Brown,Female,18,Silver,Leeds,2015,sarah.brown@yahoo.com
706,11707,Stephanie,Hughes,Female,60,Bronze,Manchester,2020,stephanie.hughes@outlook.com
707,11708,William,Davies,Male,50,Gold,Manchester,2016,william.davies@icloud.com
708,11709,Emily,Wilson,Female,44,Silver,Manchester,2022,emily.wilson@hotmail.com
709,11710,Jennifer,Wilson,Female,68,Bronze,Birmingham,2018,jennifer.wilson@hotmail.com
710,11711,Michael,Davies,Male,32,Gold,Glasgow,2018,michael.davies@yahoo.com
711,11712,Noah,Clarke,Male,29,Silver,Glasgow,2023,noah.clarke@hotmail.com
712,11713,Donna,Hughes,Female,45,Silver,Glasgow,2016,donna.hughes@gmail.com
713,11714,Daniel,Wood,Male,79,Silver,Birmingham,2023,daniel.wood@outlook.com
714,11715,Donald,Chybaski,Male,69,Bronze,Birmingham,2019,donald.chybaski@yahoo.co.uk
715,11716,Emma,Hughes,Female,77,Bronze,London,2022,emma.hughes@gmail.com
716,11717,Margaret,Brown,Female,26,Bronze,Leeds,2019,margaret.brown@yahoo.co.uk
717,11718,Emma,Jackson,Female,43,Gold,Manchester,2021,emma.jackson@hotmail.com
718,11719,Frederick,Hughes,Male,60,Gold,Birmingham,2015,frederick.hughes@icloud.com
719,11720,Zoey,Wilson,Female,65,Bronze,Manchester,2023,zoey.wilson@outlook.com
720,11721,Sophia,Wilson,Female,49,Gold,Leeds,2022,sophia.wilson@icloud.com
721,11722,Thomas,Smith,Male,53,Silver,Birmingham,2023,thomas.smith@gmail.com
722,11723,Leah,Wilson,Female,59,Gold,Manchester,2016,leah.wilson@hotmail.com
723,11724,Matthew,Davies,Male,32,Platinum,Manchester,2018,matthew.davies@yahoo.co.uk
724,11725,Daniel,Thompson,Male,62,Silver,London,2017,daniel.thompson@icloud.com
725,11726,Emily,Brown,Female,41,Platinum,Glasgow,2015,emily.brown@yahoo.co.uk
726,11727,Robert,Wilson,Male,22,Gold,Glasgow,2023,robert.wilson@icloud.com
727,11728,Ashley,Jackson,Female,40,Gold,Glasgow,2022,ashley.jackson@icloud.com
728,11729,Noah,Cooper,Male,30,Bronze,Glasgow,2019,noah.cooper@gmail.com
729,11730,Austin,Hughes,Male,62,Silver,Leeds,2020,austin.hughes@icloud.com
730,11731,Richard,Chybaski,Male,31,Silver,Birmingham,2019,richard.chybaski@hotmail.com
731,11732,Noah,Wilson,Male,18,Bronze,Leeds,2021,noah.wilson@yahoo.com
732,11733,Stephanie,Wright,Female,62,Bronze,Leeds,2016,stephanie.wright@yahoo.com
733,11734,Jennifer,Smith,Female,23,Bronze,Manchester,2015,jennifer.smith@hotmail.com
734,11735,Grace,Wright,Female,47,Bronze,Manchester,2018,grace.wright@gmail.com
735,11736,Thomas,Chybaski,Male,20,Gold,Birmingham,2020,thomas.chybaski@outlook.com
736,11737,Michael,Robinson,Male,44,Gold,Leeds,2023,michael.robinson@gmail.com
737,11738,Joseph,Edwards,Male,66,Silver,Birmingham,2022,joseph.edwards@icloud.com
738,11739,Steven,Evans,Male,60,Bronze,Manchester,2017,steven.evans@gmail.com
739,11740,Olivia,Wright,Female,48,Gold,Birmingham,2020,olivia.wright@yahoo.com
740,11741,Betty,Wilson,Female,55,Platinum,London,2016,betty.wilson@hotmail.com
741,11742,Leah,Thompson,Female,63,Bronze,Manchester,2021,leah.thompson@hotmail.com
742,11743,Grace,Evans,Female,57,Gold,Leeds,2017,grace.evans@hotmail.com
743,11744,Ashley,Davies,Female,43,Bronze,London,2016,ashley.davies@gmail.com
744,11745,Sarah,Hughes,Female,52,Gold,Manchester,2018,sarah.hughes@icloud.com
745,11746,Noah,Wilson,Male,68,Silver,Birmingham,2016,noah.wilson@hotmail.com
746,11747,Donna,Robinson,Female,54,Bronze,Birmingham,2018,donna.robinson@yahoo.com
747,11748,Matthew,Wilson,Male,33,Silver,Manchester,2021,matthew.wilson@hotmail.com
748,11749,Steven,Taylor,Male,27,Silver,London,2023,steven.taylor@gmail.com
749,11750,James,Jackson,Male,63,Bronze,Birmingham,2017,james.jackson@outlook.com
750,11751,Sophia,Chybaski,Female,42,Gold,Leeds,2022,sophia.chybaski@gmail.com
751,11752,Joseph,Brown,Male,36,Silver,Glasgow,2020,joseph.brown@gmail.com
752,11753,Hannah,Wood,Female,49,Silver,London,2016,hannah.wood@yahoo.com
753,11754,Zoey,Robinson,Female,60,Gold,Leeds,2021,zoey.robinson@hotmail.com
754,11755,Michael,Chybaski,Male,49,Gold,Leeds,2021,michael.chybaski@hotmail.com
755,11756,Leah,Taylor,Female,68,Silver,London,2020,leah.taylor@yahoo.co.uk
756,11757,Jennifer,Edwards,Female,43,Silver,Leeds,2020,jennifer.edwards@hotmail.com
757,11758,Donna,Wilson,Female,64,Bronze,London,2023,donna.wilson@icloud.com
758,11759,Michael,Walker,Male,20,Silver,Birmingham,2016,michael.walker@outlook.com
759,11760,Donald,Thompson,Male,74,Bronze,Leeds,2016,donald.thompson@gmail.com
760,11761,Ashley,Chybaski,Female,66,Gold,Glasgow,2016,ashley.chybaski@yahoo.co.uk
761,11762,Austin,Wood,Male,54,Silver,Glasgow,2023,austin.wood@icloud.com
762,11763,Robert,Chybaski,Male,57,Bronze,London,2017,robert.chybaski@icloud.com
763,11764,Grace,Wilson,Female,33,Bronze,London,2015,grace.wilson@yahoo.co.uk
764,11765,Joseph,Wilson,Male,24,Gold,London,2023,joseph.wilson@icloud.com
765,11766,Emily,Walker,Female,20,Platinum,Birmingham,2022,emily.walker@yahoo.co.uk
766,11767,James,Thompson,Male,42,Gold,Manchester,2019,james.thompson@yahoo.com
767,11768,Thomas,Edwards,Male,24,Bronze,Glasgow,2023,thomas.edwards@outlook.com
768,11769,Nancy,Edwards,Female,53,Bronze,Manchester,2017,nancy.edwards@outlook.com
769,11770,Donna,Wood,Female,57,Bronze,Birmingham,2018,donna.wood@icloud.com
770,11771,Joseph,Davies,Male,47,Gold,Leeds,2015,joseph.davies@hotmail.com
771,11772,Leah,Taylor,Female,56,Bronze,London,2016,leah.taylor@yahoo.co.uk
772,11773,Anthony,Smith,Male,20,Platinum,London,2021,anthony.smith@yahoo.co.uk
773,11774,Austin,Wilson,Male,27,Gold,Manchester,2016,austin.wilson@gmail.com
774,11775,Donald,Wood,Male,49,Bronze,Manchester,2017,donald.wood@gmail.com
775,11776,Frederick,Johnson,Male,35,Silver,Leeds,2022,frederick.johnson@yahoo.co.uk
776,11777,Jennifer,Johnson,Female,66,Bronze,Manchester,2021,jennifer.johnson@hotmail.com
777,11778,Matthew,Chybaski,Male,71,Gold,Glasgow,2019,matthew.chybaski@gmail.com
778,11779,David,Jones,Male,45,Silver,Glasgow,2015,david.jones@outlook.com
779,11780,Steven,Jones,Male,56,Bronze,Leeds,2022,steven.jones@outlook.com
780,11781,Austin,Smith,Male,33,Gold,London,2018,austin.smith@gmail.com
781,11782,Margaret,Wilson,Female,36,Bronze,Leeds,2016,margaret.wilson@outlook.com
782,11783,Austin,Jones,Male,71,Bronze,London,2021,austin.jones@gmail.com
783,11784,Joseph,Clarke,Male,62,Silver,Glasgow,2022,joseph.clarke@icloud.com
784,11785,Anthony,Wood,Male,25,Silver,Glasgow,2017,anthony.wood@gmail.com
785,11786,Sophia,Taylor,Female,62,Platinum,Glasgow,2021,sophia.taylor@icloud.com
786,11787,Jennifer,Cooper,Female,42,Silver,London,2018,jennifer.cooper@hotmail.com
787,11788,Matthew,Edwards,Male,41,Gold,Glasgow,2021,matthew.edwards@yahoo.co.uk
788,11789,Daniel,Wright,Male,66,Silver,Manchester,2019,daniel.wright@icloud.com
789,11790,Sarah,Jones,Female,43,Silver,Leeds,2023,sarah.jones@gmail.com
790,11791,Anthony,Hughes,Male,18,Gold,Manchester,2018,anthony.hughes@yahoo.com
791,11792,Donald,Clarke,Male,52,Platinum,Manchester,2021,donald.clarke@icloud.com
792,11793,Noah,Walker,Male,65,Gold,Glasgow,2023,noah.walker@outlook.com
793,11794,Olivia,Walker,Female,64,Bronze,Leeds,2017,olivia.walker@yahoo.com
794,11795,Betty,Walker,Female,51,Silver,Leeds,2016,betty.walker@outlook.com
795,11796,Zoey,Jackson,Female,79,Bronze,Birmingham,2017,zoey.jackson@icloud.com
796,11797,Sarah,Hughes,Female,31,Platinum,Birmingham,2021,sarah.hughes@hotmail.com
797,11798,Adrian,Smith,Male,45,Platinum,London,2022,adrian.smith@icloud.com
798,11799,David,Chybaski,Male,46,Gold,London,2015,david.chybaski@gmail.com
799,11800,Olivia,Walker,Female,31,Platinum,Leeds,2021,olivia.walker@hotmail.com
800,11801,Nancy,Wright,Female,39,Bronze,Glasgow,2016,nancy.wright@hotmail.com
801,11802,James,Evans,Male,64,Silver,Birmingham,2020,james.evans@gmail.com
802,11803,Noah,Edwards,Male,54,Silver,Birmingham,2017,noah.edwards@yahoo.com
803,11804,Sarah,Clarke,Female,47,Bronze,Glasgow,2019,sarah.clarke@icloud.com
804,11805,Betty,Davies,Female,18,Bronze,Leeds,2018,betty.davies@icloud.com
805,11806,Leah,Edwards,Female,75,Bronze,Glasgow,2017,leah.edwards@outlook.com
806,11807,Sophia,Smith,Female,22,Silver,Manchester,2015,sophia.smith@hotmail.com
807,11808,Nancy,Taylor,Female,70,Gold,Glasgow,2017,nancy.taylor@outlook.com
808,11809,Donald,Hughes,Male,21,Silver,Glasgow,2019,donald.hughes@outlook.com
809,11810,Emma,Brown,Female,48,Bronze,London,2023,emma.brown@hotmail.com
810,11811,Michael,Walker,Male,27,Silver,Manchester,2022,michael.walker@icloud.com
811,11812,Betty,Johnson,Female,78,Silver,Glasgow,2019,betty.johnson@icloud.com
812,11813,Susan,Edwards,Female,38,Bronze,Manchester,2015,susan.edwards@gmail.com
813,11814,John,Cooper,Male,44,Bronze,Manchester,2022,john.cooper@yahoo.com
814,11815,Grace,Wilson,Female,39,Bronze,Glasgow,2022,grace.wilson@outlook.com
815,11816,Donald,Jackson,Male,23,Bronze,London,2018,donald.jackson@outlook.com
816,11817,John,Clarke,Male,56,Bronze,Manchester,2018,john.clarke@hotmail.com
817,11818,Nancy,Davies,Female,23,Gold,Manchester,2016,nancy.davies@outlook.com
818,11819,Susan,Walker,Female,79,Bronze,Manchester,2017,susan.walker@gmail.com
819,11820,Donna,Wilson,Female,49,Bronze,Birmingham,2017,donna.wilson@icloud.com
820,11821,Austin,Jones,Male,67,Gold,London,2020,austin.jones@yahoo.com
821,11822,Mike,Evans,Male,49,Platinum,London,2023,mike.evans@outlook.com
822,11823,Emily,Chybaski,Female,72,Platinum,Manchester,2021,emily.chybaski@hotmail.com
823,11824,Hannah,Brown,Female,69,Bronze,Glasgow,2019,hannah.brown@gmail.com
824,11825,Jennifer,Jackson,Female,63,Platinum,Glasgow,2016,jennifer.jackson@hotmail.com
825,11826,Sophia,Wilson,Female,58,Platinum,Glasgow,2021,sophia.wilson@hotmail.com
826,11827,Susan,Thompson,Female,30,Silver,London,2022,susan.thompson@yahoo.com
827,11828,Emily,Brown,Female,40,Gold,London,2016,emily.brown@gmail.com
828,11829,Emily,Chybaski,Female,74,Silver,Birmingham,2015,emily.chybaski@yahoo.com
829,11830,Grace,Walker,Female,53,Gold,Manchester,2021,grace.walker@hotmail.com
830,11831,Emily,Johnson,Female,63,Silver,Leeds,2015,emily.johnson@hotmail.com
831,11832,Emily,Jackson,Female,75,Bronze,London,2022,emily.jackson@gmail.com
832,11833,Stephanie,Wilson,Female,42,Silver,Manchester,2017,stephanie.wilson@hotmail.com
833,11834,Frederick,Edwards,Male,25,Bronze,Glasgow,2017,frederick.edwards@icloud.com
834,11835,Austin,Chybaski,Male,41,Platinum,Birmingham,2022,austin.chybaski@gmail.com
835,11836,Austin,Wilson,Male,31,Gold,Manchester,2015,austin.wilson@yahoo.co.uk
836,11837,Emma,Robinson,Female,48,Bronze,Leeds,2023,emma.robinson@yahoo.co.uk
837,11838,William,Chybaski,Male,44,Silver,Leeds,2015,william.chybaski@yahoo.com
838,11839,Richard,Johnson,Male,58,Silver,Leeds,2016,richard.johnson@icloud.com
839,11840,James,Wilson,Male,37,Bronze,Birmingham,2019,james.wilson@yahoo.co.uk
840,11841,Hannah,Hughes,Female,26,Platinum,Birmingham,2023,hannah.hughes@outlook.com
841,11842,Ashley,Taylor,Female,66,Platinum,London,2018,ashley.taylor@outlook.com
842,11843,Joseph,Wilson,Male,68,Bronze,Manchester,2018,joseph.wilson@hotmail.com
843,11844,William,Hughes,Male,31,Gold,Glasgow,2022,william.hughes@icloud.com
844,11845,Robert,Davies,Male,33,Platinum,London,2023,robert.davies@gmail.com
845,11846,Daniel,Jackson,Male,56,Bronze,Leeds,2015,daniel.jackson@outlook.com
846,11847,Jennifer,Jackson,Female,51,Gold,Glasgow,2015,jennifer.jackson@icloud.com
847,11848,James,Hughes,Male,44,Platinum,Glasgow,2020,james.hughes@yahoo.com
848,11849,Susan,Johnson,Female,74,Gold,London,2023,susan.johnson@outlook.com
849,11850,Donald,Taylor,Male,79,Platinum,London,2018,donald.taylor@outlook.com
850,11851,Noah,Evans,Male,52,Platinum,Leeds,2015,noah.evans@icloud.com
851,11852,Stephanie,Cooper,Female,30,Gold,Birmingham,2023,stephanie.cooper@yahoo.co.uk
852,11853,Richard,Wilson,Male,75,Bronze,Glasgow,2018,richard.wilson@hotmail.com
853,11854,Leah,Wood,Female,65,Silver,Manchester,2020,leah.wood@hotmail.com
854,11855,James,Wright,Male,74,Silver,Birmingham,2018,james.wright@yahoo.co.uk
855,11856,Sarah,Evans,Female,67,Bronze,Leeds,2020,sarah.evans@yahoo.co.uk
856,11857,Austin,Wood,Male,64,Silver,Glasgow,2016,austin.wood@outlook.com
857,11858,Betty,Brown,Female,60,Bronze,Birmingham,2016,betty.brown@hotmail.com
858,11859,Emily,Clarke,Female,63,Bronze,Leeds,2015,emily.clarke@hotmail.com
859,11860,Laura,Edwards,Female,38,Platinum,Birmingham,2020,laura.edwards@outlook.com
860,11861,Laura,Chybaski,Female,73,Gold,Manchester,2021,laura.chybaski@yahoo.co.uk
861,11862,Sophia,Johnson,Female,47,Gold,Manchester,2017,sophia.johnson@hotmail.com
862,11863,Zoey,Jones,Female,69,Gold,Glasgow,2019,zoey.jones@icloud.com
863,11864,Lisa,Wright,Female,57,Gold,Manchester,2021,lisa.wright@gmail.com
864,11865,James,Hughes,Male,67,Gold,Manchester,2023,james.hughes@hotmail.com
865,11866,Sophia,Johnson,Female,39,Gold,Leeds,2016,sophia.johnson@yahoo.com
866,11867,Stephanie,Evans,Female,62,Bronze,Birmingham,2016,stephanie.evans@gmail.com
867,11868,Susan,Wilson,Female,73,Silver,Leeds,2015,susan.wilson@icloud.com
868,11869,Mike,Smith,Male,34,Bronze,Birmingham,2020,mike.smith@icloud.com
869,11870,Richard,Thompson,Male,66,Bronze,London,2022,richard.thompson@yahoo.com
870,11871,Donald,Hughes,Male,72,Silver,London,2017,donald.hughes@hotmail.com
871,11872,Austin,Wood,Male,54,Silver,Leeds,2017,austin.wood@yahoo.co.uk
872,11873,Emily,Brown,Female,51,Platinum,Leeds,2023,emily.brown@icloud.com
873,11874,Leah,Davies,Female,23,Bronze,Leeds,2018,leah.davies@icloud.com
874,11875,David,Edwards,Male,41,Gold,Birmingham,2016,david.edwards@yahoo.co.uk
875,11876,Grace,Smith,Female,77,Silver,Leeds,2018,grace.smith@outlook.com
876,11877,Emily,Jackson,Female,73,Bronze,Birmingham,2020,emily.jackson@yahoo.com
877,11878,Zoey,Evans,Female,48,Bronze,London,2018,zoey.evans@icloud.com
878,11879,Anthony,Wright,Male,60,Silver,Manchester,2022,anthony.wright@yahoo.com
879,11880,Hannah,Wilson,Female,39,Gold,Glasgow,2019,hannah.wilson@gmail.com
880,11881,Susan,Cooper,Female,55,Platinum,Manchester,2022,susan.cooper@icloud.com
881,11882,Sophia,Walker,Female,52,Bronze,Birmingham,2017,sophia.walker@hotmail.com
882,11883,Noah,Jones,Male,50,Gold,Leeds,2015,noah.jones@gmail.com
883,11884,Lisa,Wilson,Female,52,Bronze,Leeds,2020,lisa.wilson@hotmail.com
884,11885,John,Evans,Male,55,Platinum,Birmingham,2022,john.evans@icloud.com
885,11886,Betty,Evans,Female,79,Bronze,Birmingham,2023,betty.evans@hotmail.com
886,11887,Steven,Walker,Male,49,Silver,Leeds,2021,steven.walker@outlook.com
887,11888,Joseph,Wood,Male,18,Silver,Birmingham,2015,joseph.wood@gmail.com
888,11889,Anthony,Chybaski,Male,35,Silver,Glasgow,2023,anthony.chybaski@outlook.com
889,11890,Anthony,Johnson,Male,41,Silver,Birmingham,2018,anthony.johnson@outlook.com
890,11891,Susan,Walker,Female,43,Silver,Manchester,2020,susan.walker@gmail.com
891,11892,Betty,Hughes,Female,65,Bronze,Manchester,2020,betty.hughes@hotmail.com
892,11893,Stephanie,Evans,Female,56,Gold,Manchester,2017,stephanie.evans@yahoo.co.uk
893,11894,Emily,Wilson,Female,48,Bronze,Leeds,2018,emily.wilson@gmail.com
894,11895,Noah,Davies,Male,58,Gold,Glasgow,2023,noah.davies@yahoo.com
895,11896,Anthony,Jackson,Male,52,Bronze,Manchester,2023,anthony.jackson@hotmail.com
896,11897,Thomas,Taylor,Male,23,Silver,London,2018,thomas.taylor@yahoo.com
897,11898,Richard,Evans,Male,77,Bronze,London,2018,richard.evans@yahoo.co.uk
898,11899,Emma,Cooper,Female,58,Gold,Glasgow,2017,emma.cooper@icloud.com
899,11900,Jennifer,Wilson,Female,63,Gold,Birmingham,2017,jennifer.wilson@yahoo.com
900,11901,Mike,Clarke,Male,74,Silver,Glasgow,2018,mike.clarke@icloud.com
901,11902,Stephanie,Wood,Female,64,Bronze,Leeds,2020,stephanie.wood@outlook.com
902,11903,Daniel,Cooper,Male,69,Bronze,London,2019,daniel.cooper@outlook.com
903,11904,Thomas,Chybaski,Male,36,Silver,Manchester,2020,thomas.chybaski@yahoo.co.uk
904,11905,Emma,Thompson,Female,72,Gold,Leeds,2018,emma.thompson@yahoo.co.uk
905,11906,Joseph,Jones,Male,69,Gold,Manchester,2021,joseph.jones@yahoo.co.uk
906,11907,Sarah,Smith,Female,78,Silver,Glasgow,2021,sarah.smith@yahoo.co.uk
907,11908,Joseph,Thompson,Male,52,Bronze,Glasgow,2018,joseph.thompson@hotmail.com
908,11909,Emily,Walker,Female,23,Silver,Manchester,2016,emily.walker@yahoo.co.uk
909,11910,Emily,Thompson,Female,77,Gold,London,2018,emily.thompson@hotmail.com
910,11911,Adrian,Smith,Male,49,Bronze,Birmingham,2017,adrian.smith@yahoo.co.uk
911,11912,Sophia,Hughes,Female,64,Bronze,Manchester,2019,sophia.hughes@yahoo.co.uk
912,11913,Daniel,Taylor,Male,67,Gold,Glasgow,2020,daniel.taylor@yahoo.com
913,11914,Steven,Wood,Male,61,Bronze,Glasgow,2020,steven.wood@gmail.com
914,11915,Steven,Wright,Male,21,Bronze,Leeds,2016,steven.wright@yahoo.com
915,11916,Susan,Clarke,Female,40,Bronze,London,2022,susan.clarke@hotmail.com
916,11917,Noah,Thompson,Male,63,Gold,London,2018,noah.thompson@yahoo.com
917,11918,Matthew,Hughes,Male,39,Bronze,Leeds,2023,matthew.hughes@icloud.com
918,11919,Matthew,Wood,Male,32,Gold,Manchester,2019,matthew.wood@yahoo.co.uk
919,11920,Noah,Brown,Male,31,Silver,Birmingham,2020,noah.brown@hotmail.com
920,11921,Ashley,Robinson,Female,71,Platinum,Glasgow,2020,ashley.robinson@hotmail.com
921,11922,Emily,Wilson,Female,67,Silver,Birmingham,2017,emily.wilson@icloud.com
922,11923,John,Evans,Male,76,Bronze,Glasgow,2016,john.evans@hotmail.com
923,11924,Thomas,Brown,Male,28,Bronze,Glasgow,2023,thomas.brown@yahoo.co.uk
924,11925,Lisa,Robinson,Female,18,Gold,London,2015,lisa.robinson@icloud.com
925,11926,Matthew,Hughes,Male,66,Bronze,Leeds,2015,matthew.hughes@yahoo.co.uk
926,11927,Mike,Chybaski,Male,29,Bronze,Manchester,2019,mike.chybaski@yahoo.com
927,11928,Noah,Wilson,Male,67,Silver,Leeds,2021,noah.wilson@yahoo.com
928,11929,Hannah,Thompson,Female,56,Bronze,Manchester,2016,hannah.thompson@hotmail.com
929,11930,Noah,Wood,Male,68,Silver,Leeds,2022,noah.wood@yahoo.co.uk
930,11931,Donna,Walker,Female,37,Gold,Glasgow,2020,donna.walker@outlook.com
931,11932,Emma,Clarke,Female,23,Platinum,Birmingham,2019,emma.clarke@icloud.com
932,11933,Matthew,Walker,Male,34,Bronze,London,2016,matthew.walker@gmail.com
933,11934,David,Johnson,Male,36,Bronze,Birmingham,2017,david.johnson@gmail.com
934,11935,Mike,Walker,Male,67,Silver,Manchester,2022,mike.walker@hotmail.com
935,11936,Sophia,Clarke,Female,34,Silver,Birmingham,2023,sophia.clarke@outlook.com
936,11937,Frederick,Brown,Male,52,Bronze,Manchester,2022,frederick.brown@outlook.com
937,11938,Emily,Jackson,Female,57,Bronze,Birmingham,2015,emily.jackson@icloud.com
938,11939,Donna,Wood,Female,32,Silver,Leeds,2022,donna.wood@yahoo.co.uk
939,11940,Anthony,Brown,Male,18,Bronze,Leeds,2018,anthony.brown@icloud.com
940,11941,Laura,Wright,Female,62,Gold,Leeds,2022,laura.wright@yahoo.com
941,11942,Emily,Taylor,Female,48,Bronze,Glasgow,2016,emily.taylor@hotmail.com
942,11943,Hannah,Wright,Female,66,Bronze,Manchester,2022,hannah.wright@yahoo.com
943,11944,William,Johnson,Male,22,Gold,Birmingham,2019,william.johnson@outlook.com
944,11945,Adrian,Clarke,Male,25,Gold,Birmingham,2016,adrian.clarke@gmail.com
945,11946,Anthony,Edwards,Male,72,Bronze,Leeds,2021,anthony.edwards@gmail.com
946,11947,Emma,Wilson,Female,56,Bronze,London,2021,emma.wilson@yahoo.co.uk
947,11948,Noah,Wright,Male,74,Silver,Birmingham,2021,noah.wright@yahoo.co.uk
948,11949,Steven,Jones,Male,68,Bronze,London,2020,steven.jones@yahoo.co.uk
949,11950,James,Walker,Male,42,Silver,Manchester,2019,james.walker@icloud.com
950,11951,Matthew,Taylor,Male,51,Gold,London,2020,matthew.taylor@gmail.com
951,11952,Noah,Jackson,Male,22,Silver,Birmingham,2021,noah.jackson@yahoo.com
952,11953,Emily,Johnson,Female,72,Gold,Manchester,2022,emily.johnson@gmail.com
953,11954,Betty,Chybaski,Female,56,Silver,Manchester,2017,betty.chybaski@hotmail.com
954,11955,Noah,Evans,Male,74,Platinum,Manchester,2023,noah.evans@yahoo.com
955,11956,Thomas,Smith,Male,67,Silver,Leeds,2018,thomas.smith@icloud.com
956,11957,Nancy,Wood,Female,51,Silver,Birmingham,2015,nancy.wood@yahoo.com
957,11958,Richard,Evans,Male,31,Bronze,Glasgow,2016,richard.evans@outlook.com
958,11959,Emily,Johnson,Female,61,Silver,Glasgow,2017,emily.johnson@yahoo.com
959,11960,Austin,Walker,Male,61,Bronze,Leeds,2015,austin.walker@hotmail.com
960,11961,Joseph,Taylor,Male,50,Bronze,Manchester,2015,joseph.taylor@icloud.com
961,11962,Donna,Clarke,Female,19,Bronze,Leeds,2017,donna.clarke@gmail.com
962,11963,Betty,Evans,Female,49,Gold,Glasgow,2022,betty.evans@hotmail.com
963,11964,Matthew,Wood,Male,28,Silver,Manchester,2020,matthew.wood@yahoo.co.uk
964,11965,Lisa,Jackson,Female,55,Silver,Leeds,2023,lisa.jackson@icloud.com
965,11966,John,Jones,Male,51,Bronze,Manchester,2015,john.jones@yahoo.com
966,11967,Daniel,Taylor,Male,38,Bronze,Manchester,2020,daniel.taylor@yahoo.com
967,11968,Frederick,Wilson,Male,20,Silver,London,2016,frederick.wilson@gmail.com
968,11969,Anthony,Smith,Male,25,Gold,Glasgow,2023,anthony.smith@hotmail.com
969,11970,David,Davies,Male,58,Bronze,London,2019,david.davies@hotmail.com
970,11971,Laura,Taylor,Female,62,Silver,Manchester,2022,laura.taylor@hotmail.com
971,11972,William,Walker,Male,76,Silver,Manchester,2022,william.walker@outlook.com
972,11973,Emily,Johnson,Female,26,Silver,Glasgow,2021,emily.johnson@yahoo.com
973,11974,Emily,Chybaski,Female,66,Bronze,Glasgow,2020,emily.chybaski@outlook.com
974,11975,Margaret,Johnson,Female,59,Bronze,Birmingham,2015,margaret.johnson@outlook.com
975,11976,Adrian,Wilson,Male,51,Silver,Leeds,2016,adrian.wilson@gmail.com
976,11977,Thomas,Walker,Male,23,Bronze,Manchester,2019,thomas.walker@icloud.com
977,11978,Nancy,Thompson,Female,58,Silver,Manchester,2023,nancy.thompson@yahoo.co.uk
978,11979,Zoey,Wilson,Female,60,Bronze,Glasgow,2021,zoey.wilson@yahoo.com
979,11980,Emily,Edwards,Female,34,Bronze,Birmingham,2020,emily.edwards@yahoo.co.uk
980,11981,Daniel,Jones,Male,26,Bronze,Leeds,2015,daniel.jones@yahoo.com
981,11982,Zoey,Thompson,Female,52,Silver,London,2023,zoey.thompson@yahoo.com
982,11983,Jennifer,Edwards,Female,22,Gold,Leeds,2020,jennifer.edwards@yahoo.co.uk
983,11984,John,Chybaski,Male,37,Platinum,Manchester,2019,john.chybaski@outlook.com
984,11985,David,Johnson,Male,43,Silver,Manchester,2019,david.johnson@outlook.com
985,11986,Margaret,Wilson,Female,40,Silver,London,2018,margaret.wilson@gmail.com
986,11987,Matthew,Cooper,Male,47,Bronze,Manchester,2017,matthew.cooper@hotmail.com
987,11988,Olivia,Wilson,Female,48,Platinum,Birmingham,2021,olivia.wilson@yahoo.co.uk
988,11989,Zoey,Jackson,Female,32,Silver,Glasgow,2022,zoey.jackson@yahoo.com
989,11990,Hannah,Robinson,Female,53,Bronze,Leeds,2016,hannah.robinson@yahoo.co.uk
990,11991,Michael,Davies,Male,52,Bronze,London,2022,michael.davies@outlook.com
991,11992,Donna,Clarke,Female,39,Silver,Birmingham,2017,donna.clarke@icloud.com
992,11993,Stephanie,Jackson,Female,73,Platinum,Leeds,2022,stephanie.jackson@icloud.com
993,11994,Betty,Davies,Female,39,Bronze,Leeds,2015,betty.davies@hotmail.com
994,11995,Robert,Clarke,Male,66,Gold,Manchester,2021,robert.clarke@yahoo.com
995,11996,Noah,Davies,Male,69,Silver,Manchester,2021,noah.davies@icloud.com
996,11997,Donna,Wood,Female,69,Silver,Glasgow,2016,donna.wood@icloud.com
997,11998,Donald,Edwards,Male,67,Bronze,Leeds,2022,donald.edwards@outlook.com
998,11999,Susan,Chybaski,Female,49,Bronze,Glasgow,2020,susan.chybaski@yahoo.co.uk
999,12000,Mike,Jackson,Male,43,Silver,Manchester,2019,mike.jackson@icloud.com
